<?xml version="1.0" encoding="UTF-8"?>
<metadata modelVersion="1.1.0">
  <groupId>com.solace.spring.cloud</groupId>
  <artifactId>solace-spring-cloud-bom</artifactId>
  <versioning>
    <lastUpdated>20230413071347</lastUpdated>
    <snapshot>
      <localCopy>true</localCopy>
    </snapshot>
    <snapshotVersions>
      <snapshotVersion>
        <extension>pom</extension>
        <value>2.5.0-SNAPSHOT</value>
        <updated>20230413071347</updated>
      </snapshotVersion>
    </snapshotVersions>
  </versioning>
  <version>2.5.0-SNAPSHOT</version>
</metadata>
