<?xml version="1.0" encoding="UTF-8"?>
<metadata modelVersion="1.1.0">
  <groupId>com.solace.connector.core.resource</groupId>
  <artifactId>pubsubplus-connector-asciidoctor-resource-bundle</artifactId>
  <versioning>
    <lastUpdated>20230413091040</lastUpdated>
    <snapshot>
      <localCopy>true</localCopy>
    </snapshot>
    <snapshotVersions>
      <snapshotVersion>
        <classifier>sources</classifier>
        <extension>jar</extension>
        <value>1.1.0-SNAPSHOT</value>
        <updated>20230413091040</updated>
      </snapshotVersion>
      <snapshotVersion>
        <classifier>javadoc</classifier>
        <extension>jar</extension>
        <value>1.1.0-SNAPSHOT</value>
        <updated>20230413091040</updated>
      </snapshotVersion>
      <snapshotVersion>
        <extension>jar</extension>
        <value>1.1.0-SNAPSHOT</value>
        <updated>20230413091040</updated>
      </snapshotVersion>
      <snapshotVersion>
        <extension>pom</extension>
        <value>1.1.0-SNAPSHOT</value>
        <updated>20230413091040</updated>
      </snapshotVersion>
    </snapshotVersions>
  </versioning>
  <version>1.1.0-SNAPSHOT</version>
</metadata>
