<metadata modelVersion=""><groupId>com.solace.connector.core.resource</groupId><artifactId>pubsubplus-connector-notice-solace-resource-bundle</artifactId><version>1.1.0-SNAPSHOT</version><versioning><snapshot><timestamp>20230425.175520</timestamp><buildNumber>20</buildNumber></snapshot><lastUpdated>20230425175551</lastUpdated><snapshotVersions><snapshotVersion><extension>jar.md5</extension><classifier>javadoc</classifier><value>1.1.0-20230409.011112-12</value><updated>20230409011138</updated></snapshotVersion><snapshotVersion><extension>jar</extension><classifier>sources</classifier><value>1.1.0-20230409.011112-12</value><updated>20230409011139</updated></snapshotVersion><snapshotVersion><extension>jar.sha1</extension><classifier>sources</classifier><value>1.1.0-20230409.011112-12</value><updated>20230409011140</updated></snapshotVersion><snapshotVersion><extension>jar.md5</extension><classifier>sources</classifier><value>1.1.0-20230409.011112-12</value><updated>20230409011141</updated></snapshotVersion><snapshotVersion><extension>jar</extension><value>1.1.0-20230410.163452-13</value><updated>20230410163514</updated></snapshotVersion><snapshotVersion><extension>jar.sha1</extension><value>1.1.0-20230410.163452-13</value><updated>20230410163515</updated></snapshotVersion><snapshotVersion><extension>jar.md5</extension><value>1.1.0-20230410.163452-13</value><updated>20230410163516</updated></snapshotVersion><snapshotVersion><extension>pom</extension><value>1.1.0-20230410.163452-13</value><updated>20230410163517</updated></snapshotVersion><snapshotVersion><extension>pom.sha1</extension><value>1.1.0-20230410.163452-13</value><updated>20230410163518</updated></snapshotVersion><snapshotVersion><extension>pom.md5</extension><value>1.1.0-20230410.163452-13</value><updated>20230410163519</updated></snapshotVersion><snapshotVersion><extension>jar</extension><classifier>javadoc</classifier><value>1.1.0-20230410.163452-13</value><updated>20230410163521</updated></snapshotVersion><snapshotVersion><extension>jar.sha1</extension><classifier>javadoc</classifier><value>1.1.0-20230410.163452-13</value><updated>20230410163523</updated></snapshotVersion><snapshotVersion><extension>jar.md5</extension><classifier>javadoc</classifier><value>1.1.0-20230410.163452-13</value><updated>20230410163524</updated></snapshotVersion><snapshotVersion><extension>jar</extension><classifier>sources</classifier><value>1.1.0-20230410.163452-13</value><updated>20230410163525</updated></snapshotVersion><snapshotVersion><extension>jar.sha1</extension><classifier>sources</classifier><value>1.1.0-20230410.163452-13</value><updated>20230410163526</updated></snapshotVersion><snapshotVersion><extension>jar.md5</extension><classifier>sources</classifier><value>1.1.0-20230410.163452-13</value><updated>20230410163527</updated></snapshotVersion><snapshotVersion><extension>jar</extension><value>1.1.0-20230413.200813-14</value><updated>20230413200841</updated></snapshotVersion><snapshotVersion><extension>jar.sha1</extension><value>1.1.0-20230413.200813-14</value><updated>20230413200842</updated></snapshotVersion><snapshotVersion><extension>jar.md5</extension><value>1.1.0-20230413.200813-14</value><updated>20230413200843</updated></snapshotVersion><snapshotVersion><extension>pom</extension><value>1.1.0-20230413.200813-14</value><updated>20230413200845</updated></snapshotVersion><snapshotVersion><extension>pom.sha1</extension><value>1.1.0-20230413.200813-14</value><updated>20230413200846</updated></snapshotVersion><snapshotVersion><extension>pom.md5</extension><value>1.1.0-20230413.200813-14</value><updated>20230413200847</updated></snapshotVersion><snapshotVersion><extension>jar</extension><classifier>javadoc</classifier><value>1.1.0-20230413.200813-14</value><updated>20230413200849</updated></snapshotVersion><snapshotVersion><extension>jar.sha1</extension><classifier>javadoc</classifier><value>1.1.0-20230413.200813-14</value><updated>20230413200851</updated></snapshotVersion><snapshotVersion><extension>jar.md5</extension><classifier>javadoc</classifier><value>1.1.0-20230413.200813-14</value><updated>20230413200852</updated></snapshotVersion><snapshotVersion><extension>jar</extension><classifier>sources</classifier><value>1.1.0-20230413.200813-14</value><updated>20230413200853</updated></snapshotVersion><snapshotVersion><extension>jar.sha1</extension><classifier>sources</classifier><value>1.1.0-20230413.200813-14</value><updated>20230413200855</updated></snapshotVersion><snapshotVersion><extension>jar.md5</extension><classifier>sources</classifier><value>1.1.0-20230413.200813-14</value><updated>20230413200856</updated></snapshotVersion><snapshotVersion><extension>jar</extension><value>1.1.0-20230414.145330-15</value><updated>20230414145357</updated></snapshotVersion><snapshotVersion><extension>jar.sha1</extension><value>1.1.0-20230414.145330-15</value><updated>20230414145359</updated></snapshotVersion><snapshotVersion><extension>jar.md5</extension><value>1.1.0-20230414.145330-15</value><updated>20230414145400</updated></snapshotVersion><snapshotVersion><extension>pom</extension><value>1.1.0-20230414.145330-15</value><updated>20230414145401</updated></snapshotVersion><snapshotVersion><extension>pom.sha1</extension><value>1.1.0-20230414.145330-15</value><updated>20230414145403</updated></snapshotVersion><snapshotVersion><extension>pom.md5</extension><value>1.1.0-20230414.145330-15</value><updated>20230414145404</updated></snapshotVersion><snapshotVersion><extension>jar</extension><classifier>javadoc</classifier><value>1.1.0-20230414.145330-15</value><updated>20230414145406</updated></snapshotVersion><snapshotVersion><extension>jar.sha1</extension><classifier>javadoc</classifier><value>1.1.0-20230414.145330-15</value><updated>20230414145408</updated></snapshotVersion><snapshotVersion><extension>jar.md5</extension><classifier>javadoc</classifier><value>1.1.0-20230414.145330-15</value><updated>20230414145409</updated></snapshotVersion><snapshotVersion><extension>jar</extension><classifier>sources</classifier><value>1.1.0-20230414.145330-15</value><updated>20230414145411</updated></snapshotVersion><snapshotVersion><extension>jar.sha1</extension><classifier>sources</classifier><value>1.1.0-20230414.145330-15</value><updated>20230414145412</updated></snapshotVersion><snapshotVersion><extension>jar.md5</extension><classifier>sources</classifier><value>1.1.0-20230414.145330-15</value><updated>20230414145413</updated></snapshotVersion><snapshotVersion><extension>jar</extension><value>1.1.0-20230418.010725-16</value><updated>20230418010742</updated></snapshotVersion><snapshotVersion><extension>jar.sha1</extension><value>1.1.0-20230418.010725-16</value><updated>20230418010743</updated></snapshotVersion><snapshotVersion><extension>jar.md5</extension><value>1.1.0-20230418.010725-16</value><updated>20230418010745</updated></snapshotVersion><snapshotVersion><extension>pom</extension><value>1.1.0-20230418.010725-16</value><updated>20230418010746</updated></snapshotVersion><snapshotVersion><extension>pom.sha1</extension><value>1.1.0-20230418.010725-16</value><updated>20230418010747</updated></snapshotVersion><snapshotVersion><extension>pom.md5</extension><value>1.1.0-20230418.010725-16</value><updated>20230418010748</updated></snapshotVersion><snapshotVersion><extension>jar</extension><classifier>javadoc</classifier><value>1.1.0-20230418.010725-16</value><updated>20230418010750</updated></snapshotVersion><snapshotVersion><extension>jar.sha1</extension><classifier>javadoc</classifier><value>1.1.0-20230418.010725-16</value><updated>20230418010751</updated></snapshotVersion><snapshotVersion><extension>jar.md5</extension><classifier>javadoc</classifier><value>1.1.0-20230418.010725-16</value><updated>20230418010752</updated></snapshotVersion><snapshotVersion><extension>jar</extension><classifier>sources</classifier><value>1.1.0-20230418.010725-16</value><updated>20230418010753</updated></snapshotVersion><snapshotVersion><extension>jar.sha1</extension><classifier>sources</classifier><value>1.1.0-20230418.010725-16</value><updated>20230418010754</updated></snapshotVersion><snapshotVersion><extension>jar.md5</extension><classifier>sources</classifier><value>1.1.0-20230418.010725-16</value><updated>20230418010755</updated></snapshotVersion><snapshotVersion><extension>jar</extension><value>1.1.0-20230420.172907-17</value><updated>20230420172929</updated></snapshotVersion><snapshotVersion><extension>jar.sha1</extension><value>1.1.0-20230420.172907-17</value><updated>20230420172930</updated></snapshotVersion><snapshotVersion><extension>jar.md5</extension><value>1.1.0-20230420.172907-17</value><updated>20230420172932</updated></snapshotVersion><snapshotVersion><extension>pom</extension><value>1.1.0-20230420.172907-17</value><updated>20230420172933</updated></snapshotVersion><snapshotVersion><extension>pom.sha1</extension><value>1.1.0-20230420.172907-17</value><updated>20230420172934</updated></snapshotVersion><snapshotVersion><extension>pom.md5</extension><value>1.1.0-20230420.172907-17</value><updated>20230420172935</updated></snapshotVersion><snapshotVersion><extension>jar</extension><classifier>javadoc</classifier><value>1.1.0-20230420.172907-17</value><updated>20230420172936</updated></snapshotVersion><snapshotVersion><extension>jar.sha1</extension><classifier>javadoc</classifier><value>1.1.0-20230420.172907-17</value><updated>20230420172937</updated></snapshotVersion><snapshotVersion><extension>jar.md5</extension><classifier>javadoc</classifier><value>1.1.0-20230420.172907-17</value><updated>20230420172938</updated></snapshotVersion><snapshotVersion><extension>jar</extension><classifier>sources</classifier><value>1.1.0-20230420.172907-17</value><updated>20230420172940</updated></snapshotVersion><snapshotVersion><extension>jar.sha1</extension><classifier>sources</classifier><value>1.1.0-20230420.172907-17</value><updated>20230420172941</updated></snapshotVersion><snapshotVersion><extension>jar.md5</extension><classifier>sources</classifier><value>1.1.0-20230420.172907-17</value><updated>20230420172942</updated></snapshotVersion><snapshotVersion><extension>jar</extension><value>1.1.0-20230425.125656-18</value><updated>20230425125717</updated></snapshotVersion><snapshotVersion><extension>jar.sha1</extension><value>1.1.0-20230425.125656-18</value><updated>20230425125718</updated></snapshotVersion><snapshotVersion><extension>jar.md5</extension><value>1.1.0-20230425.125656-18</value><updated>20230425125719</updated></snapshotVersion><snapshotVersion><extension>pom</extension><value>1.1.0-20230425.125656-18</value><updated>20230425125720</updated></snapshotVersion><snapshotVersion><extension>pom.sha1</extension><value>1.1.0-20230425.125656-18</value><updated>20230425125722</updated></snapshotVersion><snapshotVersion><extension>pom.md5</extension><value>1.1.0-20230425.125656-18</value><updated>20230425125723</updated></snapshotVersion><snapshotVersion><extension>jar</extension><classifier>javadoc</classifier><value>1.1.0-20230425.125656-18</value><updated>20230425125724</updated></snapshotVersion><snapshotVersion><extension>jar.sha1</extension><classifier>javadoc</classifier><value>1.1.0-20230425.125656-18</value><updated>20230425125726</updated></snapshotVersion><snapshotVersion><extension>jar.md5</extension><classifier>javadoc</classifier><value>1.1.0-20230425.125656-18</value><updated>20230425125727</updated></snapshotVersion><snapshotVersion><extension>jar</extension><classifier>sources</classifier><value>1.1.0-20230425.125656-18</value><updated>20230425125728</updated></snapshotVersion><snapshotVersion><extension>jar.sha1</extension><classifier>sources</classifier><value>1.1.0-20230425.125656-18</value><updated>20230425125729</updated></snapshotVersion><snapshotVersion><extension>jar.md5</extension><classifier>sources</classifier><value>1.1.0-20230425.125656-18</value><updated>20230425125731</updated></snapshotVersion><snapshotVersion><extension>jar</extension><value>1.1.0-20230425.130358-19</value><updated>20230425130425</updated></snapshotVersion><snapshotVersion><extension>jar.sha1</extension><value>1.1.0-20230425.130358-19</value><updated>20230425130426</updated></snapshotVersion><snapshotVersion><extension>jar.md5</extension><value>1.1.0-20230425.130358-19</value><updated>20230425130428</updated></snapshotVersion><snapshotVersion><extension>pom</extension><value>1.1.0-20230425.130358-19</value><updated>20230425130429</updated></snapshotVersion><snapshotVersion><extension>pom.sha1</extension><value>1.1.0-20230425.130358-19</value><updated>20230425130430</updated></snapshotVersion><snapshotVersion><extension>pom.md5</extension><value>1.1.0-20230425.130358-19</value><updated>20230425130431</updated></snapshotVersion><snapshotVersion><extension>jar</extension><classifier>javadoc</classifier><value>1.1.0-20230425.130358-19</value><updated>20230425130434</updated></snapshotVersion><snapshotVersion><extension>jar.sha1</extension><classifier>javadoc</classifier><value>1.1.0-20230425.130358-19</value><updated>20230425130435</updated></snapshotVersion><snapshotVersion><extension>jar.md5</extension><classifier>javadoc</classifier><value>1.1.0-20230425.130358-19</value><updated>20230425130436</updated></snapshotVersion><snapshotVersion><extension>jar</extension><classifier>sources</classifier><value>1.1.0-20230425.130358-19</value><updated>20230425130438</updated></snapshotVersion><snapshotVersion><extension>jar.sha1</extension><classifier>sources</classifier><value>1.1.0-20230425.130358-19</value><updated>20230425130439</updated></snapshotVersion><snapshotVersion><extension>jar.md5</extension><classifier>sources</classifier><value>1.1.0-20230425.130358-19</value><updated>20230425130440</updated></snapshotVersion><snapshotVersion><extension>jar</extension><value>1.1.0-20230425.175520-20</value><updated>20230425175538</updated></snapshotVersion><snapshotVersion><extension>jar.sha1</extension><value>1.1.0-20230425.175520-20</value><updated>20230425175539</updated></snapshotVersion><snapshotVersion><extension>jar.md5</extension><value>1.1.0-20230425.175520-20</value><updated>20230425175540</updated></snapshotVersion><snapshotVersion><extension>pom</extension><value>1.1.0-20230425.175520-20</value><updated>20230425175541</updated></snapshotVersion><snapshotVersion><extension>pom.sha1</extension><value>1.1.0-20230425.175520-20</value><updated>20230425175542</updated></snapshotVersion><snapshotVersion><extension>pom.md5</extension><value>1.1.0-20230425.175520-20</value><updated>20230425175543</updated></snapshotVersion><snapshotVersion><extension>jar</extension><classifier>javadoc</classifier><value>1.1.0-20230425.175520-20</value><updated>20230425175545</updated></snapshotVersion><snapshotVersion><extension>jar.sha1</extension><classifier>javadoc</classifier><value>1.1.0-20230425.175520-20</value><updated>20230425175546</updated></snapshotVersion><snapshotVersion><extension>jar.md5</extension><classifier>javadoc</classifier><value>1.1.0-20230425.175520-20</value><updated>20230425175547</updated></snapshotVersion><snapshotVersion><extension>jar</extension><classifier>sources</classifier><value>1.1.0-20230425.175520-20</value><updated>20230425175548</updated></snapshotVersion><snapshotVersion><extension>jar.sha1</extension><classifier>sources</classifier><value>1.1.0-20230425.175520-20</value><updated>20230425175550</updated></snapshotVersion><snapshotVersion><extension>jar.md5</extension><classifier>sources</classifier><value>1.1.0-20230425.175520-20</value><updated>20230425175551</updated></snapshotVersion></snapshotVersions></versioning></metadata>