<metadata modelVersion=""><groupId>com.solace.connector.core</groupId><artifactId>pubsubplus-connector-framework</artifactId><version>1.1.0-SNAPSHOT</version><versioning><snapshot><timestamp>20230425.175520</timestamp><buildNumber>59</buildNumber></snapshot><lastUpdated>20230425180104</lastUpdated><snapshotVersions><snapshotVersion><extension>jar.md5</extension><classifier>javadoc</classifier><value>1.1.0-20230409.011112-51</value><updated>20230409011639</updated></snapshotVersion><snapshotVersion><extension>jar</extension><classifier>sources</classifier><value>1.1.0-20230409.011112-51</value><updated>20230409011640</updated></snapshotVersion><snapshotVersion><extension>jar.sha1</extension><classifier>sources</classifier><value>1.1.0-20230409.011112-51</value><updated>20230409011641</updated></snapshotVersion><snapshotVersion><extension>jar.md5</extension><classifier>sources</classifier><value>1.1.0-20230409.011112-51</value><updated>20230409011642</updated></snapshotVersion><snapshotVersion><extension>jar</extension><value>1.1.0-20230410.163452-52</value><updated>20230410164036</updated></snapshotVersion><snapshotVersion><extension>jar.sha1</extension><value>1.1.0-20230410.163452-52</value><updated>20230410164038</updated></snapshotVersion><snapshotVersion><extension>jar.md5</extension><value>1.1.0-20230410.163452-52</value><updated>20230410164039</updated></snapshotVersion><snapshotVersion><extension>pom</extension><value>1.1.0-20230410.163452-52</value><updated>20230410164040</updated></snapshotVersion><snapshotVersion><extension>pom.sha1</extension><value>1.1.0-20230410.163452-52</value><updated>20230410164041</updated></snapshotVersion><snapshotVersion><extension>pom.md5</extension><value>1.1.0-20230410.163452-52</value><updated>20230410164042</updated></snapshotVersion><snapshotVersion><extension>jar</extension><classifier>javadoc</classifier><value>1.1.0-20230410.163452-52</value><updated>20230410164044</updated></snapshotVersion><snapshotVersion><extension>jar.sha1</extension><classifier>javadoc</classifier><value>1.1.0-20230410.163452-52</value><updated>20230410164045</updated></snapshotVersion><snapshotVersion><extension>jar.md5</extension><classifier>javadoc</classifier><value>1.1.0-20230410.163452-52</value><updated>20230410164046</updated></snapshotVersion><snapshotVersion><extension>jar</extension><classifier>sources</classifier><value>1.1.0-20230410.163452-52</value><updated>20230410164047</updated></snapshotVersion><snapshotVersion><extension>jar.sha1</extension><classifier>sources</classifier><value>1.1.0-20230410.163452-52</value><updated>20230410164049</updated></snapshotVersion><snapshotVersion><extension>jar.md5</extension><classifier>sources</classifier><value>1.1.0-20230410.163452-52</value><updated>20230410164050</updated></snapshotVersion><snapshotVersion><extension>jar</extension><value>1.1.0-20230413.200813-53</value><updated>20230413201433</updated></snapshotVersion><snapshotVersion><extension>jar.sha1</extension><value>1.1.0-20230413.200813-53</value><updated>20230413201435</updated></snapshotVersion><snapshotVersion><extension>jar.md5</extension><value>1.1.0-20230413.200813-53</value><updated>20230413201436</updated></snapshotVersion><snapshotVersion><extension>pom</extension><value>1.1.0-20230413.200813-53</value><updated>20230413201437</updated></snapshotVersion><snapshotVersion><extension>pom.sha1</extension><value>1.1.0-20230413.200813-53</value><updated>20230413201439</updated></snapshotVersion><snapshotVersion><extension>pom.md5</extension><value>1.1.0-20230413.200813-53</value><updated>20230413201440</updated></snapshotVersion><snapshotVersion><extension>jar</extension><classifier>javadoc</classifier><value>1.1.0-20230413.200813-53</value><updated>20230413201442</updated></snapshotVersion><snapshotVersion><extension>jar.sha1</extension><classifier>javadoc</classifier><value>1.1.0-20230413.200813-53</value><updated>20230413201443</updated></snapshotVersion><snapshotVersion><extension>jar.md5</extension><classifier>javadoc</classifier><value>1.1.0-20230413.200813-53</value><updated>20230413201445</updated></snapshotVersion><snapshotVersion><extension>jar</extension><classifier>sources</classifier><value>1.1.0-20230413.200813-53</value><updated>20230413201446</updated></snapshotVersion><snapshotVersion><extension>jar.sha1</extension><classifier>sources</classifier><value>1.1.0-20230413.200813-53</value><updated>20230413201448</updated></snapshotVersion><snapshotVersion><extension>jar.md5</extension><classifier>sources</classifier><value>1.1.0-20230413.200813-53</value><updated>20230413201449</updated></snapshotVersion><snapshotVersion><extension>jar</extension><value>1.1.0-20230414.145330-54</value><updated>20230414145952</updated></snapshotVersion><snapshotVersion><extension>jar.sha1</extension><value>1.1.0-20230414.145330-54</value><updated>20230414145954</updated></snapshotVersion><snapshotVersion><extension>jar.md5</extension><value>1.1.0-20230414.145330-54</value><updated>20230414145955</updated></snapshotVersion><snapshotVersion><extension>pom</extension><value>1.1.0-20230414.145330-54</value><updated>20230414145956</updated></snapshotVersion><snapshotVersion><extension>pom.sha1</extension><value>1.1.0-20230414.145330-54</value><updated>20230414145957</updated></snapshotVersion><snapshotVersion><extension>pom.md5</extension><value>1.1.0-20230414.145330-54</value><updated>20230414145959</updated></snapshotVersion><snapshotVersion><extension>jar</extension><classifier>javadoc</classifier><value>1.1.0-20230414.145330-54</value><updated>20230414150001</updated></snapshotVersion><snapshotVersion><extension>jar.sha1</extension><classifier>javadoc</classifier><value>1.1.0-20230414.145330-54</value><updated>20230414150003</updated></snapshotVersion><snapshotVersion><extension>jar.md5</extension><classifier>javadoc</classifier><value>1.1.0-20230414.145330-54</value><updated>20230414150005</updated></snapshotVersion><snapshotVersion><extension>jar</extension><classifier>sources</classifier><value>1.1.0-20230414.145330-54</value><updated>20230414150006</updated></snapshotVersion><snapshotVersion><extension>jar.sha1</extension><classifier>sources</classifier><value>1.1.0-20230414.145330-54</value><updated>20230414150008</updated></snapshotVersion><snapshotVersion><extension>jar.md5</extension><classifier>sources</classifier><value>1.1.0-20230414.145330-54</value><updated>20230414150009</updated></snapshotVersion><snapshotVersion><extension>jar</extension><value>1.1.0-20230418.010725-55</value><updated>20230418011253</updated></snapshotVersion><snapshotVersion><extension>jar.sha1</extension><value>1.1.0-20230418.010725-55</value><updated>20230418011255</updated></snapshotVersion><snapshotVersion><extension>jar.md5</extension><value>1.1.0-20230418.010725-55</value><updated>20230418011256</updated></snapshotVersion><snapshotVersion><extension>pom</extension><value>1.1.0-20230418.010725-55</value><updated>20230418011257</updated></snapshotVersion><snapshotVersion><extension>pom.sha1</extension><value>1.1.0-20230418.010725-55</value><updated>20230418011258</updated></snapshotVersion><snapshotVersion><extension>pom.md5</extension><value>1.1.0-20230418.010725-55</value><updated>20230418011259</updated></snapshotVersion><snapshotVersion><extension>jar</extension><classifier>javadoc</classifier><value>1.1.0-20230418.010725-55</value><updated>20230418011301</updated></snapshotVersion><snapshotVersion><extension>jar.sha1</extension><classifier>javadoc</classifier><value>1.1.0-20230418.010725-55</value><updated>20230418011302</updated></snapshotVersion><snapshotVersion><extension>jar.md5</extension><classifier>javadoc</classifier><value>1.1.0-20230418.010725-55</value><updated>20230418011303</updated></snapshotVersion><snapshotVersion><extension>jar</extension><classifier>sources</classifier><value>1.1.0-20230418.010725-55</value><updated>20230418011304</updated></snapshotVersion><snapshotVersion><extension>jar.sha1</extension><classifier>sources</classifier><value>1.1.0-20230418.010725-55</value><updated>20230418011305</updated></snapshotVersion><snapshotVersion><extension>jar.md5</extension><classifier>sources</classifier><value>1.1.0-20230418.010725-55</value><updated>20230418011306</updated></snapshotVersion><snapshotVersion><extension>jar</extension><value>1.1.0-20230420.172907-56</value><updated>20230420173453</updated></snapshotVersion><snapshotVersion><extension>jar.sha1</extension><value>1.1.0-20230420.172907-56</value><updated>20230420173455</updated></snapshotVersion><snapshotVersion><extension>jar.md5</extension><value>1.1.0-20230420.172907-56</value><updated>20230420173456</updated></snapshotVersion><snapshotVersion><extension>pom</extension><value>1.1.0-20230420.172907-56</value><updated>20230420173457</updated></snapshotVersion><snapshotVersion><extension>pom.sha1</extension><value>1.1.0-20230420.172907-56</value><updated>20230420173458</updated></snapshotVersion><snapshotVersion><extension>pom.md5</extension><value>1.1.0-20230420.172907-56</value><updated>20230420173459</updated></snapshotVersion><snapshotVersion><extension>jar</extension><classifier>javadoc</classifier><value>1.1.0-20230420.172907-56</value><updated>20230420173501</updated></snapshotVersion><snapshotVersion><extension>jar.sha1</extension><classifier>javadoc</classifier><value>1.1.0-20230420.172907-56</value><updated>20230420173502</updated></snapshotVersion><snapshotVersion><extension>jar.md5</extension><classifier>javadoc</classifier><value>1.1.0-20230420.172907-56</value><updated>20230420173503</updated></snapshotVersion><snapshotVersion><extension>jar</extension><classifier>sources</classifier><value>1.1.0-20230420.172907-56</value><updated>20230420173504</updated></snapshotVersion><snapshotVersion><extension>jar.sha1</extension><classifier>sources</classifier><value>1.1.0-20230420.172907-56</value><updated>20230420173505</updated></snapshotVersion><snapshotVersion><extension>jar.md5</extension><classifier>sources</classifier><value>1.1.0-20230420.172907-56</value><updated>20230420173507</updated></snapshotVersion><snapshotVersion><extension>jar</extension><value>1.1.0-20230425.125656-57</value><updated>20230425130251</updated></snapshotVersion><snapshotVersion><extension>jar.sha1</extension><value>1.1.0-20230425.125656-57</value><updated>20230425130252</updated></snapshotVersion><snapshotVersion><extension>jar.md5</extension><value>1.1.0-20230425.125656-57</value><updated>20230425130254</updated></snapshotVersion><snapshotVersion><extension>pom</extension><value>1.1.0-20230425.125656-57</value><updated>20230425130255</updated></snapshotVersion><snapshotVersion><extension>pom.sha1</extension><value>1.1.0-20230425.125656-57</value><updated>20230425130256</updated></snapshotVersion><snapshotVersion><extension>pom.md5</extension><value>1.1.0-20230425.125656-57</value><updated>20230425130257</updated></snapshotVersion><snapshotVersion><extension>jar</extension><classifier>javadoc</classifier><value>1.1.0-20230425.125656-57</value><updated>20230425130259</updated></snapshotVersion><snapshotVersion><extension>jar.sha1</extension><classifier>javadoc</classifier><value>1.1.0-20230425.125656-57</value><updated>20230425130301</updated></snapshotVersion><snapshotVersion><extension>jar.md5</extension><classifier>javadoc</classifier><value>1.1.0-20230425.125656-57</value><updated>20230425130302</updated></snapshotVersion><snapshotVersion><extension>jar</extension><classifier>sources</classifier><value>1.1.0-20230425.125656-57</value><updated>20230425130303</updated></snapshotVersion><snapshotVersion><extension>jar.sha1</extension><classifier>sources</classifier><value>1.1.0-20230425.125656-57</value><updated>20230425130305</updated></snapshotVersion><snapshotVersion><extension>jar.md5</extension><classifier>sources</classifier><value>1.1.0-20230425.125656-57</value><updated>20230425130306</updated></snapshotVersion><snapshotVersion><extension>jar</extension><value>1.1.0-20230425.130358-58</value><updated>20230425131020</updated></snapshotVersion><snapshotVersion><extension>jar.sha1</extension><value>1.1.0-20230425.130358-58</value><updated>20230425131021</updated></snapshotVersion><snapshotVersion><extension>jar.md5</extension><value>1.1.0-20230425.130358-58</value><updated>20230425131023</updated></snapshotVersion><snapshotVersion><extension>pom</extension><value>1.1.0-20230425.130358-58</value><updated>20230425131024</updated></snapshotVersion><snapshotVersion><extension>pom.sha1</extension><value>1.1.0-20230425.130358-58</value><updated>20230425131026</updated></snapshotVersion><snapshotVersion><extension>pom.md5</extension><value>1.1.0-20230425.130358-58</value><updated>20230425131027</updated></snapshotVersion><snapshotVersion><extension>jar</extension><classifier>javadoc</classifier><value>1.1.0-20230425.130358-58</value><updated>20230425131029</updated></snapshotVersion><snapshotVersion><extension>jar.sha1</extension><classifier>javadoc</classifier><value>1.1.0-20230425.130358-58</value><updated>20230425131031</updated></snapshotVersion><snapshotVersion><extension>jar.md5</extension><classifier>javadoc</classifier><value>1.1.0-20230425.130358-58</value><updated>20230425131032</updated></snapshotVersion><snapshotVersion><extension>jar</extension><classifier>sources</classifier><value>1.1.0-20230425.130358-58</value><updated>20230425131033</updated></snapshotVersion><snapshotVersion><extension>jar.sha1</extension><classifier>sources</classifier><value>1.1.0-20230425.130358-58</value><updated>20230425131035</updated></snapshotVersion><snapshotVersion><extension>jar.md5</extension><classifier>sources</classifier><value>1.1.0-20230425.130358-58</value><updated>20230425131036</updated></snapshotVersion><snapshotVersion><extension>jar</extension><value>1.1.0-20230425.175520-59</value><updated>20230425180050</updated></snapshotVersion><snapshotVersion><extension>jar.sha1</extension><value>1.1.0-20230425.175520-59</value><updated>20230425180051</updated></snapshotVersion><snapshotVersion><extension>jar.md5</extension><value>1.1.0-20230425.175520-59</value><updated>20230425180052</updated></snapshotVersion><snapshotVersion><extension>pom</extension><value>1.1.0-20230425.175520-59</value><updated>20230425180054</updated></snapshotVersion><snapshotVersion><extension>pom.sha1</extension><value>1.1.0-20230425.175520-59</value><updated>20230425180055</updated></snapshotVersion><snapshotVersion><extension>pom.md5</extension><value>1.1.0-20230425.175520-59</value><updated>20230425180056</updated></snapshotVersion><snapshotVersion><extension>jar</extension><classifier>javadoc</classifier><value>1.1.0-20230425.175520-59</value><updated>20230425180058</updated></snapshotVersion><snapshotVersion><extension>jar.sha1</extension><classifier>javadoc</classifier><value>1.1.0-20230425.175520-59</value><updated>20230425180059</updated></snapshotVersion><snapshotVersion><extension>jar.md5</extension><classifier>javadoc</classifier><value>1.1.0-20230425.175520-59</value><updated>20230425180100</updated></snapshotVersion><snapshotVersion><extension>jar</extension><classifier>sources</classifier><value>1.1.0-20230425.175520-59</value><updated>20230425180102</updated></snapshotVersion><snapshotVersion><extension>jar.sha1</extension><classifier>sources</classifier><value>1.1.0-20230425.175520-59</value><updated>20230425180103</updated></snapshotVersion><snapshotVersion><extension>jar.md5</extension><classifier>sources</classifier><value>1.1.0-20230425.175520-59</value><updated>20230425180104</updated></snapshotVersion></snapshotVersions></versioning></metadata>