<metadata modelVersion=""><groupId>com.solace.connector.core.resource</groupId><artifactId>pubsubplus-connector-banner-solace-community-v1-resource-bundle</artifactId><version>1.1.0-SNAPSHOT</version><versioning><snapshot><timestamp>20230425.175520</timestamp><buildNumber>20</buildNumber></snapshot><lastUpdated>20230425175703</lastUpdated><snapshotVersions><snapshotVersion><extension>jar.md5</extension><classifier>javadoc</classifier><value>1.1.0-20230409.011112-12</value><updated>20230409011245</updated></snapshotVersion><snapshotVersion><extension>jar</extension><classifier>sources</classifier><value>1.1.0-20230409.011112-12</value><updated>20230409011246</updated></snapshotVersion><snapshotVersion><extension>jar.sha1</extension><classifier>sources</classifier><value>1.1.0-20230409.011112-12</value><updated>20230409011247</updated></snapshotVersion><snapshotVersion><extension>jar.md5</extension><classifier>sources</classifier><value>1.1.0-20230409.011112-12</value><updated>20230409011248</updated></snapshotVersion><snapshotVersion><extension>jar</extension><value>1.1.0-20230410.163452-13</value><updated>20230410163630</updated></snapshotVersion><snapshotVersion><extension>jar.sha1</extension><value>1.1.0-20230410.163452-13</value><updated>20230410163631</updated></snapshotVersion><snapshotVersion><extension>jar.md5</extension><value>1.1.0-20230410.163452-13</value><updated>20230410163632</updated></snapshotVersion><snapshotVersion><extension>pom</extension><value>1.1.0-20230410.163452-13</value><updated>20230410163634</updated></snapshotVersion><snapshotVersion><extension>pom.sha1</extension><value>1.1.0-20230410.163452-13</value><updated>20230410163635</updated></snapshotVersion><snapshotVersion><extension>pom.md5</extension><value>1.1.0-20230410.163452-13</value><updated>20230410163636</updated></snapshotVersion><snapshotVersion><extension>jar</extension><classifier>javadoc</classifier><value>1.1.0-20230410.163452-13</value><updated>20230410163637</updated></snapshotVersion><snapshotVersion><extension>jar.sha1</extension><classifier>javadoc</classifier><value>1.1.0-20230410.163452-13</value><updated>20230410163639</updated></snapshotVersion><snapshotVersion><extension>jar.md5</extension><classifier>javadoc</classifier><value>1.1.0-20230410.163452-13</value><updated>20230410163640</updated></snapshotVersion><snapshotVersion><extension>jar</extension><classifier>sources</classifier><value>1.1.0-20230410.163452-13</value><updated>20230410163641</updated></snapshotVersion><snapshotVersion><extension>jar.sha1</extension><classifier>sources</classifier><value>1.1.0-20230410.163452-13</value><updated>20230410163642</updated></snapshotVersion><snapshotVersion><extension>jar.md5</extension><classifier>sources</classifier><value>1.1.0-20230410.163452-13</value><updated>20230410163643</updated></snapshotVersion><snapshotVersion><extension>jar</extension><value>1.1.0-20230413.200813-14</value><updated>20230413201008</updated></snapshotVersion><snapshotVersion><extension>jar.sha1</extension><value>1.1.0-20230413.200813-14</value><updated>20230413201009</updated></snapshotVersion><snapshotVersion><extension>jar.md5</extension><value>1.1.0-20230413.200813-14</value><updated>20230413201010</updated></snapshotVersion><snapshotVersion><extension>pom</extension><value>1.1.0-20230413.200813-14</value><updated>20230413201011</updated></snapshotVersion><snapshotVersion><extension>pom.sha1</extension><value>1.1.0-20230413.200813-14</value><updated>20230413201013</updated></snapshotVersion><snapshotVersion><extension>pom.md5</extension><value>1.1.0-20230413.200813-14</value><updated>20230413201014</updated></snapshotVersion><snapshotVersion><extension>jar</extension><classifier>javadoc</classifier><value>1.1.0-20230413.200813-14</value><updated>20230413201016</updated></snapshotVersion><snapshotVersion><extension>jar.sha1</extension><classifier>javadoc</classifier><value>1.1.0-20230413.200813-14</value><updated>20230413201017</updated></snapshotVersion><snapshotVersion><extension>jar.md5</extension><classifier>javadoc</classifier><value>1.1.0-20230413.200813-14</value><updated>20230413201018</updated></snapshotVersion><snapshotVersion><extension>jar</extension><classifier>sources</classifier><value>1.1.0-20230413.200813-14</value><updated>20230413201020</updated></snapshotVersion><snapshotVersion><extension>jar.sha1</extension><classifier>sources</classifier><value>1.1.0-20230413.200813-14</value><updated>20230413201021</updated></snapshotVersion><snapshotVersion><extension>jar.md5</extension><classifier>sources</classifier><value>1.1.0-20230413.200813-14</value><updated>20230413201022</updated></snapshotVersion><snapshotVersion><extension>jar</extension><value>1.1.0-20230414.145330-15</value><updated>20230414145524</updated></snapshotVersion><snapshotVersion><extension>jar.sha1</extension><value>1.1.0-20230414.145330-15</value><updated>20230414145526</updated></snapshotVersion><snapshotVersion><extension>jar.md5</extension><value>1.1.0-20230414.145330-15</value><updated>20230414145527</updated></snapshotVersion><snapshotVersion><extension>pom</extension><value>1.1.0-20230414.145330-15</value><updated>20230414145528</updated></snapshotVersion><snapshotVersion><extension>pom.sha1</extension><value>1.1.0-20230414.145330-15</value><updated>20230414145529</updated></snapshotVersion><snapshotVersion><extension>pom.md5</extension><value>1.1.0-20230414.145330-15</value><updated>20230414145530</updated></snapshotVersion><snapshotVersion><extension>jar</extension><classifier>javadoc</classifier><value>1.1.0-20230414.145330-15</value><updated>20230414145533</updated></snapshotVersion><snapshotVersion><extension>jar.sha1</extension><classifier>javadoc</classifier><value>1.1.0-20230414.145330-15</value><updated>20230414145534</updated></snapshotVersion><snapshotVersion><extension>jar.md5</extension><classifier>javadoc</classifier><value>1.1.0-20230414.145330-15</value><updated>20230414145535</updated></snapshotVersion><snapshotVersion><extension>jar</extension><classifier>sources</classifier><value>1.1.0-20230414.145330-15</value><updated>20230414145536</updated></snapshotVersion><snapshotVersion><extension>jar.sha1</extension><classifier>sources</classifier><value>1.1.0-20230414.145330-15</value><updated>20230414145537</updated></snapshotVersion><snapshotVersion><extension>jar.md5</extension><classifier>sources</classifier><value>1.1.0-20230414.145330-15</value><updated>20230414145539</updated></snapshotVersion><snapshotVersion><extension>jar</extension><value>1.1.0-20230418.010725-16</value><updated>20230418010854</updated></snapshotVersion><snapshotVersion><extension>jar.sha1</extension><value>1.1.0-20230418.010725-16</value><updated>20230418010855</updated></snapshotVersion><snapshotVersion><extension>jar.md5</extension><value>1.1.0-20230418.010725-16</value><updated>20230418010856</updated></snapshotVersion><snapshotVersion><extension>pom</extension><value>1.1.0-20230418.010725-16</value><updated>20230418010857</updated></snapshotVersion><snapshotVersion><extension>pom.sha1</extension><value>1.1.0-20230418.010725-16</value><updated>20230418010858</updated></snapshotVersion><snapshotVersion><extension>pom.md5</extension><value>1.1.0-20230418.010725-16</value><updated>20230418010859</updated></snapshotVersion><snapshotVersion><extension>jar</extension><classifier>javadoc</classifier><value>1.1.0-20230418.010725-16</value><updated>20230418010901</updated></snapshotVersion><snapshotVersion><extension>jar.sha1</extension><classifier>javadoc</classifier><value>1.1.0-20230418.010725-16</value><updated>20230418010902</updated></snapshotVersion><snapshotVersion><extension>jar.md5</extension><classifier>javadoc</classifier><value>1.1.0-20230418.010725-16</value><updated>20230418010903</updated></snapshotVersion><snapshotVersion><extension>jar</extension><classifier>sources</classifier><value>1.1.0-20230418.010725-16</value><updated>20230418010905</updated></snapshotVersion><snapshotVersion><extension>jar.sha1</extension><classifier>sources</classifier><value>1.1.0-20230418.010725-16</value><updated>20230418010906</updated></snapshotVersion><snapshotVersion><extension>jar.md5</extension><classifier>sources</classifier><value>1.1.0-20230418.010725-16</value><updated>20230418010907</updated></snapshotVersion><snapshotVersion><extension>jar</extension><value>1.1.0-20230420.172907-17</value><updated>20230420173045</updated></snapshotVersion><snapshotVersion><extension>jar.sha1</extension><value>1.1.0-20230420.172907-17</value><updated>20230420173046</updated></snapshotVersion><snapshotVersion><extension>jar.md5</extension><value>1.1.0-20230420.172907-17</value><updated>20230420173047</updated></snapshotVersion><snapshotVersion><extension>pom</extension><value>1.1.0-20230420.172907-17</value><updated>20230420173049</updated></snapshotVersion><snapshotVersion><extension>pom.sha1</extension><value>1.1.0-20230420.172907-17</value><updated>20230420173050</updated></snapshotVersion><snapshotVersion><extension>pom.md5</extension><value>1.1.0-20230420.172907-17</value><updated>20230420173051</updated></snapshotVersion><snapshotVersion><extension>jar</extension><classifier>javadoc</classifier><value>1.1.0-20230420.172907-17</value><updated>20230420173052</updated></snapshotVersion><snapshotVersion><extension>jar.sha1</extension><classifier>javadoc</classifier><value>1.1.0-20230420.172907-17</value><updated>20230420173053</updated></snapshotVersion><snapshotVersion><extension>jar.md5</extension><classifier>javadoc</classifier><value>1.1.0-20230420.172907-17</value><updated>20230420173054</updated></snapshotVersion><snapshotVersion><extension>jar</extension><classifier>sources</classifier><value>1.1.0-20230420.172907-17</value><updated>20230420173056</updated></snapshotVersion><snapshotVersion><extension>jar.sha1</extension><classifier>sources</classifier><value>1.1.0-20230420.172907-17</value><updated>20230420173057</updated></snapshotVersion><snapshotVersion><extension>jar.md5</extension><classifier>sources</classifier><value>1.1.0-20230420.172907-17</value><updated>20230420173058</updated></snapshotVersion><snapshotVersion><extension>jar</extension><value>1.1.0-20230425.125656-18</value><updated>20230425125837</updated></snapshotVersion><snapshotVersion><extension>jar.sha1</extension><value>1.1.0-20230425.125656-18</value><updated>20230425125838</updated></snapshotVersion><snapshotVersion><extension>jar.md5</extension><value>1.1.0-20230425.125656-18</value><updated>20230425125839</updated></snapshotVersion><snapshotVersion><extension>pom</extension><value>1.1.0-20230425.125656-18</value><updated>20230425125840</updated></snapshotVersion><snapshotVersion><extension>pom.sha1</extension><value>1.1.0-20230425.125656-18</value><updated>20230425125841</updated></snapshotVersion><snapshotVersion><extension>pom.md5</extension><value>1.1.0-20230425.125656-18</value><updated>20230425125842</updated></snapshotVersion><snapshotVersion><extension>jar</extension><classifier>javadoc</classifier><value>1.1.0-20230425.125656-18</value><updated>20230425125844</updated></snapshotVersion><snapshotVersion><extension>jar.sha1</extension><classifier>javadoc</classifier><value>1.1.0-20230425.125656-18</value><updated>20230425125845</updated></snapshotVersion><snapshotVersion><extension>jar.md5</extension><classifier>javadoc</classifier><value>1.1.0-20230425.125656-18</value><updated>20230425125846</updated></snapshotVersion><snapshotVersion><extension>jar</extension><classifier>sources</classifier><value>1.1.0-20230425.125656-18</value><updated>20230425125847</updated></snapshotVersion><snapshotVersion><extension>jar.sha1</extension><classifier>sources</classifier><value>1.1.0-20230425.125656-18</value><updated>20230425125849</updated></snapshotVersion><snapshotVersion><extension>jar.md5</extension><classifier>sources</classifier><value>1.1.0-20230425.125656-18</value><updated>20230425125850</updated></snapshotVersion><snapshotVersion><extension>jar</extension><value>1.1.0-20230425.130358-19</value><updated>20230425130551</updated></snapshotVersion><snapshotVersion><extension>jar.sha1</extension><value>1.1.0-20230425.130358-19</value><updated>20230425130553</updated></snapshotVersion><snapshotVersion><extension>jar.md5</extension><value>1.1.0-20230425.130358-19</value><updated>20230425130554</updated></snapshotVersion><snapshotVersion><extension>pom</extension><value>1.1.0-20230425.130358-19</value><updated>20230425130555</updated></snapshotVersion><snapshotVersion><extension>pom.sha1</extension><value>1.1.0-20230425.130358-19</value><updated>20230425130556</updated></snapshotVersion><snapshotVersion><extension>pom.md5</extension><value>1.1.0-20230425.130358-19</value><updated>20230425130557</updated></snapshotVersion><snapshotVersion><extension>jar</extension><classifier>javadoc</classifier><value>1.1.0-20230425.130358-19</value><updated>20230425130600</updated></snapshotVersion><snapshotVersion><extension>jar.sha1</extension><classifier>javadoc</classifier><value>1.1.0-20230425.130358-19</value><updated>20230425130601</updated></snapshotVersion><snapshotVersion><extension>jar.md5</extension><classifier>javadoc</classifier><value>1.1.0-20230425.130358-19</value><updated>20230425130603</updated></snapshotVersion><snapshotVersion><extension>jar</extension><classifier>sources</classifier><value>1.1.0-20230425.130358-19</value><updated>20230425130604</updated></snapshotVersion><snapshotVersion><extension>jar.sha1</extension><classifier>sources</classifier><value>1.1.0-20230425.130358-19</value><updated>20230425130605</updated></snapshotVersion><snapshotVersion><extension>jar.md5</extension><classifier>sources</classifier><value>1.1.0-20230425.130358-19</value><updated>20230425130607</updated></snapshotVersion><snapshotVersion><extension>jar</extension><value>1.1.0-20230425.175520-20</value><updated>20230425175651</updated></snapshotVersion><snapshotVersion><extension>jar.sha1</extension><value>1.1.0-20230425.175520-20</value><updated>20230425175652</updated></snapshotVersion><snapshotVersion><extension>jar.md5</extension><value>1.1.0-20230425.175520-20</value><updated>20230425175653</updated></snapshotVersion><snapshotVersion><extension>pom</extension><value>1.1.0-20230425.175520-20</value><updated>20230425175654</updated></snapshotVersion><snapshotVersion><extension>pom.sha1</extension><value>1.1.0-20230425.175520-20</value><updated>20230425175655</updated></snapshotVersion><snapshotVersion><extension>pom.md5</extension><value>1.1.0-20230425.175520-20</value><updated>20230425175656</updated></snapshotVersion><snapshotVersion><extension>jar</extension><classifier>javadoc</classifier><value>1.1.0-20230425.175520-20</value><updated>20230425175657</updated></snapshotVersion><snapshotVersion><extension>jar.sha1</extension><classifier>javadoc</classifier><value>1.1.0-20230425.175520-20</value><updated>20230425175658</updated></snapshotVersion><snapshotVersion><extension>jar.md5</extension><classifier>javadoc</classifier><value>1.1.0-20230425.175520-20</value><updated>20230425175700</updated></snapshotVersion><snapshotVersion><extension>jar</extension><classifier>sources</classifier><value>1.1.0-20230425.175520-20</value><updated>20230425175701</updated></snapshotVersion><snapshotVersion><extension>jar.sha1</extension><classifier>sources</classifier><value>1.1.0-20230425.175520-20</value><updated>20230425175702</updated></snapshotVersion><snapshotVersion><extension>jar.md5</extension><classifier>sources</classifier><value>1.1.0-20230425.175520-20</value><updated>20230425175703</updated></snapshotVersion></snapshotVersions></versioning></metadata>