<metadata modelVersion=""><groupId>com.solace.connector.core</groupId><artifactId>pubsubplus-connector-build-parent</artifactId><version>1.1.0-SNAPSHOT</version><versioning><snapshot><timestamp>20230425.175520</timestamp><buildNumber>53</buildNumber></snapshot><lastUpdated>20230425180117</lastUpdated><snapshotVersions><snapshotVersion><extension>pom.md5</extension><value>1.1.0-20230302.215747-20</value><updated>20230302220435</updated></snapshotVersion><snapshotVersion><extension>pom</extension><value>1.1.0-20230303.162640-21</value><updated>20230303163307</updated></snapshotVersion><snapshotVersion><extension>pom.sha1</extension><value>1.1.0-20230303.162640-21</value><updated>20230303163309</updated></snapshotVersion><snapshotVersion><extension>pom.md5</extension><value>1.1.0-20230303.162640-21</value><updated>20230303163310</updated></snapshotVersion><snapshotVersion><extension>pom</extension><value>1.1.0-20230306.153948-22</value><updated>20230306154649</updated></snapshotVersion><snapshotVersion><extension>pom.sha1</extension><value>1.1.0-20230306.153948-22</value><updated>20230306154650</updated></snapshotVersion><snapshotVersion><extension>pom.md5</extension><value>1.1.0-20230306.153948-22</value><updated>20230306154652</updated></snapshotVersion><snapshotVersion><extension>pom</extension><value>1.1.0-20230307.142422-23</value><updated>20230307143204</updated></snapshotVersion><snapshotVersion><extension>pom.sha1</extension><value>1.1.0-20230307.142422-23</value><updated>20230307143205</updated></snapshotVersion><snapshotVersion><extension>pom.md5</extension><value>1.1.0-20230307.142422-23</value><updated>20230307143207</updated></snapshotVersion><snapshotVersion><extension>pom</extension><value>1.1.0-20230309.224800-24</value><updated>20230309225511</updated></snapshotVersion><snapshotVersion><extension>pom.sha1</extension><value>1.1.0-20230309.224800-24</value><updated>20230309225512</updated></snapshotVersion><snapshotVersion><extension>pom.md5</extension><value>1.1.0-20230309.224800-24</value><updated>20230309225514</updated></snapshotVersion><snapshotVersion><extension>pom</extension><value>1.1.0-20230309.225814-25</value><updated>20230309230524</updated></snapshotVersion><snapshotVersion><extension>pom.sha1</extension><value>1.1.0-20230309.225814-25</value><updated>20230309230525</updated></snapshotVersion><snapshotVersion><extension>pom.md5</extension><value>1.1.0-20230309.225814-25</value><updated>20230309230537</updated></snapshotVersion><snapshotVersion><extension>pom</extension><value>1.1.0-20230309.235448-26</value><updated>20230310000102</updated></snapshotVersion><snapshotVersion><extension>pom.sha1</extension><value>1.1.0-20230309.235448-26</value><updated>20230310000103</updated></snapshotVersion><snapshotVersion><extension>pom.md5</extension><value>1.1.0-20230309.235448-26</value><updated>20230310000105</updated></snapshotVersion><snapshotVersion><extension>pom</extension><value>1.1.0-20230310.000022-27</value><updated>20230310000727</updated></snapshotVersion><snapshotVersion><extension>pom.sha1</extension><value>1.1.0-20230310.000022-27</value><updated>20230310000728</updated></snapshotVersion><snapshotVersion><extension>pom.md5</extension><value>1.1.0-20230310.000022-27</value><updated>20230310000729</updated></snapshotVersion><snapshotVersion><extension>pom</extension><value>1.1.0-20230310.173829-28</value><updated>20230310174601</updated></snapshotVersion><snapshotVersion><extension>pom.sha1</extension><value>1.1.0-20230310.173829-28</value><updated>20230310174603</updated></snapshotVersion><snapshotVersion><extension>pom.md5</extension><value>1.1.0-20230310.173829-28</value><updated>20230310174604</updated></snapshotVersion><snapshotVersion><extension>pom</extension><value>1.1.0-20230313.154146-29</value><updated>20230313154948</updated></snapshotVersion><snapshotVersion><extension>pom.sha1</extension><value>1.1.0-20230313.154146-29</value><updated>20230313154949</updated></snapshotVersion><snapshotVersion><extension>pom.md5</extension><value>1.1.0-20230313.154146-29</value><updated>20230313154950</updated></snapshotVersion><snapshotVersion><extension>pom</extension><value>1.1.0-20230313.193525-30</value><updated>20230313194220</updated></snapshotVersion><snapshotVersion><extension>pom.sha1</extension><value>1.1.0-20230313.193525-30</value><updated>20230313194221</updated></snapshotVersion><snapshotVersion><extension>pom.md5</extension><value>1.1.0-20230313.193525-30</value><updated>20230313194223</updated></snapshotVersion><snapshotVersion><extension>pom</extension><value>1.1.0-20230313.210955-31</value><updated>20230313211813</updated></snapshotVersion><snapshotVersion><extension>pom.sha1</extension><value>1.1.0-20230313.210955-31</value><updated>20230313211815</updated></snapshotVersion><snapshotVersion><extension>pom.md5</extension><value>1.1.0-20230313.210955-31</value><updated>20230313211817</updated></snapshotVersion><snapshotVersion><extension>pom</extension><value>1.1.0-20230313.222452-32</value><updated>20230313223204</updated></snapshotVersion><snapshotVersion><extension>pom.sha1</extension><value>1.1.0-20230313.222452-32</value><updated>20230313223206</updated></snapshotVersion><snapshotVersion><extension>pom.md5</extension><value>1.1.0-20230313.222452-32</value><updated>20230313223207</updated></snapshotVersion><snapshotVersion><extension>pom</extension><value>1.1.0-20230314.032346-33</value><updated>20230314033036</updated></snapshotVersion><snapshotVersion><extension>pom.sha1</extension><value>1.1.0-20230314.032346-33</value><updated>20230314033038</updated></snapshotVersion><snapshotVersion><extension>pom.md5</extension><value>1.1.0-20230314.032346-33</value><updated>20230314033039</updated></snapshotVersion><snapshotVersion><extension>pom</extension><value>1.1.0-20230314.201953-34</value><updated>20230314202705</updated></snapshotVersion><snapshotVersion><extension>pom.sha1</extension><value>1.1.0-20230314.201953-34</value><updated>20230314202706</updated></snapshotVersion><snapshotVersion><extension>pom.md5</extension><value>1.1.0-20230314.201953-34</value><updated>20230314202708</updated></snapshotVersion><snapshotVersion><extension>pom</extension><value>1.1.0-20230315.213957-35</value><updated>20230315214811</updated></snapshotVersion><snapshotVersion><extension>pom.sha1</extension><value>1.1.0-20230315.213957-35</value><updated>20230315214813</updated></snapshotVersion><snapshotVersion><extension>pom.md5</extension><value>1.1.0-20230315.213957-35</value><updated>20230315214814</updated></snapshotVersion><snapshotVersion><extension>pom</extension><value>1.1.0-20230316.213141-36</value><updated>20230316213858</updated></snapshotVersion><snapshotVersion><extension>pom.sha1</extension><value>1.1.0-20230316.213141-36</value><updated>20230316213859</updated></snapshotVersion><snapshotVersion><extension>pom.md5</extension><value>1.1.0-20230316.213141-36</value><updated>20230316213900</updated></snapshotVersion><snapshotVersion><extension>pom</extension><value>1.1.0-20230317.162212-37</value><updated>20230317162938</updated></snapshotVersion><snapshotVersion><extension>pom.sha1</extension><value>1.1.0-20230317.162212-37</value><updated>20230317162939</updated></snapshotVersion><snapshotVersion><extension>pom.md5</extension><value>1.1.0-20230317.162212-37</value><updated>20230317162940</updated></snapshotVersion><snapshotVersion><extension>pom</extension><value>1.1.0-20230317.205807-38</value><updated>20230317210458</updated></snapshotVersion><snapshotVersion><extension>pom.sha1</extension><value>1.1.0-20230317.205807-38</value><updated>20230317210500</updated></snapshotVersion><snapshotVersion><extension>pom.md5</extension><value>1.1.0-20230317.205807-38</value><updated>20230317210501</updated></snapshotVersion><snapshotVersion><extension>pom</extension><value>1.1.0-20230320.204442-39</value><updated>20230320205059</updated></snapshotVersion><snapshotVersion><extension>pom.sha1</extension><value>1.1.0-20230320.204442-39</value><updated>20230320205059</updated></snapshotVersion><snapshotVersion><extension>pom.md5</extension><value>1.1.0-20230320.204442-39</value><updated>20230320205101</updated></snapshotVersion><snapshotVersion><extension>pom</extension><value>1.1.0-20230324.195047-40</value><updated>20230324195705</updated></snapshotVersion><snapshotVersion><extension>pom.sha1</extension><value>1.1.0-20230324.195047-40</value><updated>20230324195706</updated></snapshotVersion><snapshotVersion><extension>pom.md5</extension><value>1.1.0-20230324.195047-40</value><updated>20230324195708</updated></snapshotVersion><snapshotVersion><extension>pom</extension><value>1.1.0-20230328.191726-41</value><updated>20230328192355</updated></snapshotVersion><snapshotVersion><extension>pom.sha1</extension><value>1.1.0-20230328.191726-41</value><updated>20230328192356</updated></snapshotVersion><snapshotVersion><extension>pom.md5</extension><value>1.1.0-20230328.191726-41</value><updated>20230328192357</updated></snapshotVersion><snapshotVersion><extension>pom</extension><value>1.1.0-20230331.155548-42</value><updated>20230331160148</updated></snapshotVersion><snapshotVersion><extension>pom.sha1</extension><value>1.1.0-20230331.155548-42</value><updated>20230331160149</updated></snapshotVersion><snapshotVersion><extension>pom.md5</extension><value>1.1.0-20230331.155548-42</value><updated>20230331160150</updated></snapshotVersion><snapshotVersion><extension>pom</extension><value>1.1.0-20230331.160815-43</value><updated>20230331161430</updated></snapshotVersion><snapshotVersion><extension>pom.sha1</extension><value>1.1.0-20230331.160815-43</value><updated>20230331161431</updated></snapshotVersion><snapshotVersion><extension>pom.md5</extension><value>1.1.0-20230331.160815-43</value><updated>20230331161432</updated></snapshotVersion><snapshotVersion><extension>pom</extension><value>1.1.0-20230405.135410-44</value><updated>20230405140151</updated></snapshotVersion><snapshotVersion><extension>pom.sha1</extension><value>1.1.0-20230405.135410-44</value><updated>20230405140153</updated></snapshotVersion><snapshotVersion><extension>pom.md5</extension><value>1.1.0-20230405.135410-44</value><updated>20230405140154</updated></snapshotVersion><snapshotVersion><extension>pom</extension><value>1.1.0-20230409.011112-45</value><updated>20230409011652</updated></snapshotVersion><snapshotVersion><extension>pom.sha1</extension><value>1.1.0-20230409.011112-45</value><updated>20230409011653</updated></snapshotVersion><snapshotVersion><extension>pom.md5</extension><value>1.1.0-20230409.011112-45</value><updated>20230409011654</updated></snapshotVersion><snapshotVersion><extension>pom</extension><value>1.1.0-20230410.163452-46</value><updated>20230410164101</updated></snapshotVersion><snapshotVersion><extension>pom.sha1</extension><value>1.1.0-20230410.163452-46</value><updated>20230410164102</updated></snapshotVersion><snapshotVersion><extension>pom.md5</extension><value>1.1.0-20230410.163452-46</value><updated>20230410164104</updated></snapshotVersion><snapshotVersion><extension>pom</extension><value>1.1.0-20230413.200813-47</value><updated>20230413201504</updated></snapshotVersion><snapshotVersion><extension>pom.sha1</extension><value>1.1.0-20230413.200813-47</value><updated>20230413201505</updated></snapshotVersion><snapshotVersion><extension>pom.md5</extension><value>1.1.0-20230413.200813-47</value><updated>20230413201507</updated></snapshotVersion><snapshotVersion><extension>pom</extension><value>1.1.0-20230414.145330-48</value><updated>20230414150023</updated></snapshotVersion><snapshotVersion><extension>pom.sha1</extension><value>1.1.0-20230414.145330-48</value><updated>20230414150024</updated></snapshotVersion><snapshotVersion><extension>pom.md5</extension><value>1.1.0-20230414.145330-48</value><updated>20230414150026</updated></snapshotVersion><snapshotVersion><extension>pom</extension><value>1.1.0-20230418.010725-49</value><updated>20230418011316</updated></snapshotVersion><snapshotVersion><extension>pom.sha1</extension><value>1.1.0-20230418.010725-49</value><updated>20230418011317</updated></snapshotVersion><snapshotVersion><extension>pom.md5</extension><value>1.1.0-20230418.010725-49</value><updated>20230418011319</updated></snapshotVersion><snapshotVersion><extension>pom</extension><value>1.1.0-20230420.172907-50</value><updated>20230420173516</updated></snapshotVersion><snapshotVersion><extension>pom.sha1</extension><value>1.1.0-20230420.172907-50</value><updated>20230420173517</updated></snapshotVersion><snapshotVersion><extension>pom.md5</extension><value>1.1.0-20230420.172907-50</value><updated>20230420173518</updated></snapshotVersion><snapshotVersion><extension>pom</extension><value>1.1.0-20230425.125656-51</value><updated>20230425130318</updated></snapshotVersion><snapshotVersion><extension>pom.sha1</extension><value>1.1.0-20230425.125656-51</value><updated>20230425130319</updated></snapshotVersion><snapshotVersion><extension>pom.md5</extension><value>1.1.0-20230425.125656-51</value><updated>20230425130320</updated></snapshotVersion><snapshotVersion><extension>pom</extension><value>1.1.0-20230425.130358-52</value><updated>20230425131049</updated></snapshotVersion><snapshotVersion><extension>pom.sha1</extension><value>1.1.0-20230425.130358-52</value><updated>20230425131050</updated></snapshotVersion><snapshotVersion><extension>pom.md5</extension><value>1.1.0-20230425.130358-52</value><updated>20230425131052</updated></snapshotVersion><snapshotVersion><extension>pom</extension><value>1.1.0-20230425.175520-53</value><updated>20230425180115</updated></snapshotVersion><snapshotVersion><extension>pom.sha1</extension><value>1.1.0-20230425.175520-53</value><updated>20230425180116</updated></snapshotVersion><snapshotVersion><extension>pom.md5</extension><value>1.1.0-20230425.175520-53</value><updated>20230425180117</updated></snapshotVersion></snapshotVersions></versioning></metadata>