<metadata modelVersion=""><groupId>com.solace.connector.core</groupId><artifactId>pubsubplus-connector-io-common</artifactId><version>1.0.0-SNAPSHOT</version><versioning><snapshot><timestamp>20221206.160444</timestamp><buildNumber>68</buildNumber></snapshot><lastUpdated>20221206160520</lastUpdated><snapshotVersions><snapshotVersion><extension>jar.md5</extension><classifier>javadoc</classifier><value>1.0.0-20221103.012946-60</value><updated>20221103013045</updated></snapshotVersion><snapshotVersion><extension>jar</extension><classifier>sources</classifier><value>1.0.0-20221103.012946-60</value><updated>20221103013049</updated></snapshotVersion><snapshotVersion><extension>jar.sha1</extension><classifier>sources</classifier><value>1.0.0-20221103.012946-60</value><updated>20221103013052</updated></snapshotVersion><snapshotVersion><extension>jar.md5</extension><classifier>sources</classifier><value>1.0.0-20221103.012946-60</value><updated>20221103013056</updated></snapshotVersion><snapshotVersion><extension>jar</extension><value>1.0.0-20221103.014623-61</value><updated>20221103014649</updated></snapshotVersion><snapshotVersion><extension>jar.sha1</extension><value>1.0.0-20221103.014623-61</value><updated>20221103014652</updated></snapshotVersion><snapshotVersion><extension>jar.md5</extension><value>1.0.0-20221103.014623-61</value><updated>20221103014655</updated></snapshotVersion><snapshotVersion><extension>pom</extension><value>1.0.0-20221103.014623-61</value><updated>20221103014658</updated></snapshotVersion><snapshotVersion><extension>pom.sha1</extension><value>1.0.0-20221103.014623-61</value><updated>20221103014701</updated></snapshotVersion><snapshotVersion><extension>pom.md5</extension><value>1.0.0-20221103.014623-61</value><updated>20221103014705</updated></snapshotVersion><snapshotVersion><extension>jar</extension><classifier>javadoc</classifier><value>1.0.0-20221103.014623-61</value><updated>20221103014708</updated></snapshotVersion><snapshotVersion><extension>jar.sha1</extension><classifier>javadoc</classifier><value>1.0.0-20221103.014623-61</value><updated>20221103014711</updated></snapshotVersion><snapshotVersion><extension>jar.md5</extension><classifier>javadoc</classifier><value>1.0.0-20221103.014623-61</value><updated>20221103014715</updated></snapshotVersion><snapshotVersion><extension>jar</extension><classifier>sources</classifier><value>1.0.0-20221103.014623-61</value><updated>20221103014718</updated></snapshotVersion><snapshotVersion><extension>jar.sha1</extension><classifier>sources</classifier><value>1.0.0-20221103.014623-61</value><updated>20221103014721</updated></snapshotVersion><snapshotVersion><extension>jar.md5</extension><classifier>sources</classifier><value>1.0.0-20221103.014623-61</value><updated>20221103014724</updated></snapshotVersion><snapshotVersion><extension>jar</extension><value>1.0.0-20221124.160302-62</value><updated>20221124160321</updated></snapshotVersion><snapshotVersion><extension>jar.sha1</extension><value>1.0.0-20221124.160302-62</value><updated>20221124160323</updated></snapshotVersion><snapshotVersion><extension>jar.md5</extension><value>1.0.0-20221124.160302-62</value><updated>20221124160324</updated></snapshotVersion><snapshotVersion><extension>pom</extension><value>1.0.0-20221124.160302-62</value><updated>20221124160325</updated></snapshotVersion><snapshotVersion><extension>pom.sha1</extension><value>1.0.0-20221124.160302-62</value><updated>20221124160327</updated></snapshotVersion><snapshotVersion><extension>pom.md5</extension><value>1.0.0-20221124.160302-62</value><updated>20221124160328</updated></snapshotVersion><snapshotVersion><extension>jar</extension><classifier>javadoc</classifier><value>1.0.0-20221124.160302-62</value><updated>20221124160330</updated></snapshotVersion><snapshotVersion><extension>jar.sha1</extension><classifier>javadoc</classifier><value>1.0.0-20221124.160302-62</value><updated>20221124160333</updated></snapshotVersion><snapshotVersion><extension>jar.md5</extension><classifier>javadoc</classifier><value>1.0.0-20221124.160302-62</value><updated>20221124160334</updated></snapshotVersion><snapshotVersion><extension>jar</extension><classifier>sources</classifier><value>1.0.0-20221124.160302-62</value><updated>20221124160336</updated></snapshotVersion><snapshotVersion><extension>jar.sha1</extension><classifier>sources</classifier><value>1.0.0-20221124.160302-62</value><updated>20221124160337</updated></snapshotVersion><snapshotVersion><extension>jar.md5</extension><classifier>sources</classifier><value>1.0.0-20221124.160302-62</value><updated>20221124160339</updated></snapshotVersion><snapshotVersion><extension>jar</extension><value>1.0.0-20221125.153956-63</value><updated>20221125154019</updated></snapshotVersion><snapshotVersion><extension>jar.sha1</extension><value>1.0.0-20221125.153956-63</value><updated>20221125154020</updated></snapshotVersion><snapshotVersion><extension>jar.md5</extension><value>1.0.0-20221125.153956-63</value><updated>20221125154022</updated></snapshotVersion><snapshotVersion><extension>pom</extension><value>1.0.0-20221125.153956-63</value><updated>20221125154023</updated></snapshotVersion><snapshotVersion><extension>pom.sha1</extension><value>1.0.0-20221125.153956-63</value><updated>20221125154025</updated></snapshotVersion><snapshotVersion><extension>pom.md5</extension><value>1.0.0-20221125.153956-63</value><updated>20221125154026</updated></snapshotVersion><snapshotVersion><extension>jar</extension><classifier>javadoc</classifier><value>1.0.0-20221125.153956-63</value><updated>20221125154030</updated></snapshotVersion><snapshotVersion><extension>jar.sha1</extension><classifier>javadoc</classifier><value>1.0.0-20221125.153956-63</value><updated>20221125154032</updated></snapshotVersion><snapshotVersion><extension>jar.md5</extension><classifier>javadoc</classifier><value>1.0.0-20221125.153956-63</value><updated>20221125154034</updated></snapshotVersion><snapshotVersion><extension>jar</extension><classifier>sources</classifier><value>1.0.0-20221125.153956-63</value><updated>20221125154036</updated></snapshotVersion><snapshotVersion><extension>jar.sha1</extension><classifier>sources</classifier><value>1.0.0-20221125.153956-63</value><updated>20221125154038</updated></snapshotVersion><snapshotVersion><extension>jar.md5</extension><classifier>sources</classifier><value>1.0.0-20221125.153956-63</value><updated>20221125154039</updated></snapshotVersion><snapshotVersion><extension>jar</extension><value>1.0.0-20221125.164205-64</value><updated>20221125164224</updated></snapshotVersion><snapshotVersion><extension>jar.sha1</extension><value>1.0.0-20221125.164205-64</value><updated>20221125164225</updated></snapshotVersion><snapshotVersion><extension>jar.md5</extension><value>1.0.0-20221125.164205-64</value><updated>20221125164227</updated></snapshotVersion><snapshotVersion><extension>pom</extension><value>1.0.0-20221125.164205-64</value><updated>20221125164228</updated></snapshotVersion><snapshotVersion><extension>pom.sha1</extension><value>1.0.0-20221125.164205-64</value><updated>20221125164230</updated></snapshotVersion><snapshotVersion><extension>pom.md5</extension><value>1.0.0-20221125.164205-64</value><updated>20221125164231</updated></snapshotVersion><snapshotVersion><extension>jar</extension><classifier>javadoc</classifier><value>1.0.0-20221125.164205-64</value><updated>20221125164233</updated></snapshotVersion><snapshotVersion><extension>jar.sha1</extension><classifier>javadoc</classifier><value>1.0.0-20221125.164205-64</value><updated>20221125164235</updated></snapshotVersion><snapshotVersion><extension>jar.md5</extension><classifier>javadoc</classifier><value>1.0.0-20221125.164205-64</value><updated>20221125164236</updated></snapshotVersion><snapshotVersion><extension>jar</extension><classifier>sources</classifier><value>1.0.0-20221125.164205-64</value><updated>20221125164237</updated></snapshotVersion><snapshotVersion><extension>jar.sha1</extension><classifier>sources</classifier><value>1.0.0-20221125.164205-64</value><updated>20221125164239</updated></snapshotVersion><snapshotVersion><extension>jar.md5</extension><classifier>sources</classifier><value>1.0.0-20221125.164205-64</value><updated>20221125164241</updated></snapshotVersion><snapshotVersion><extension>jar</extension><value>1.0.0-20221125.165722-65</value><updated>20221125165741</updated></snapshotVersion><snapshotVersion><extension>jar.sha1</extension><value>1.0.0-20221125.165722-65</value><updated>20221125165743</updated></snapshotVersion><snapshotVersion><extension>jar.md5</extension><value>1.0.0-20221125.165722-65</value><updated>20221125165744</updated></snapshotVersion><snapshotVersion><extension>pom</extension><value>1.0.0-20221125.165722-65</value><updated>20221125165746</updated></snapshotVersion><snapshotVersion><extension>pom.sha1</extension><value>1.0.0-20221125.165722-65</value><updated>20221125165747</updated></snapshotVersion><snapshotVersion><extension>pom.md5</extension><value>1.0.0-20221125.165722-65</value><updated>20221125165749</updated></snapshotVersion><snapshotVersion><extension>jar</extension><classifier>javadoc</classifier><value>1.0.0-20221125.165722-65</value><updated>20221125165752</updated></snapshotVersion><snapshotVersion><extension>jar.sha1</extension><classifier>javadoc</classifier><value>1.0.0-20221125.165722-65</value><updated>20221125165754</updated></snapshotVersion><snapshotVersion><extension>jar.md5</extension><classifier>javadoc</classifier><value>1.0.0-20221125.165722-65</value><updated>20221125165755</updated></snapshotVersion><snapshotVersion><extension>jar</extension><classifier>sources</classifier><value>1.0.0-20221125.165722-65</value><updated>20221125165757</updated></snapshotVersion><snapshotVersion><extension>jar.sha1</extension><classifier>sources</classifier><value>1.0.0-20221125.165722-65</value><updated>20221125165759</updated></snapshotVersion><snapshotVersion><extension>jar.md5</extension><classifier>sources</classifier><value>1.0.0-20221125.165722-65</value><updated>20221125165800</updated></snapshotVersion><snapshotVersion><extension>jar</extension><value>1.0.0-20221128.203259-66</value><updated>20221128203317</updated></snapshotVersion><snapshotVersion><extension>jar.sha1</extension><value>1.0.0-20221128.203259-66</value><updated>20221128203319</updated></snapshotVersion><snapshotVersion><extension>jar.md5</extension><value>1.0.0-20221128.203259-66</value><updated>20221128203320</updated></snapshotVersion><snapshotVersion><extension>pom</extension><value>1.0.0-20221128.203259-66</value><updated>20221128203322</updated></snapshotVersion><snapshotVersion><extension>pom.sha1</extension><value>1.0.0-20221128.203259-66</value><updated>20221128203323</updated></snapshotVersion><snapshotVersion><extension>pom.md5</extension><value>1.0.0-20221128.203259-66</value><updated>20221128203325</updated></snapshotVersion><snapshotVersion><extension>jar</extension><classifier>javadoc</classifier><value>1.0.0-20221128.203259-66</value><updated>20221128203327</updated></snapshotVersion><snapshotVersion><extension>jar.sha1</extension><classifier>javadoc</classifier><value>1.0.0-20221128.203259-66</value><updated>20221128203329</updated></snapshotVersion><snapshotVersion><extension>jar.md5</extension><classifier>javadoc</classifier><value>1.0.0-20221128.203259-66</value><updated>20221128203330</updated></snapshotVersion><snapshotVersion><extension>jar</extension><classifier>sources</classifier><value>1.0.0-20221128.203259-66</value><updated>20221128203332</updated></snapshotVersion><snapshotVersion><extension>jar.sha1</extension><classifier>sources</classifier><value>1.0.0-20221128.203259-66</value><updated>20221128203333</updated></snapshotVersion><snapshotVersion><extension>jar.md5</extension><classifier>sources</classifier><value>1.0.0-20221128.203259-66</value><updated>20221128203335</updated></snapshotVersion><snapshotVersion><extension>jar</extension><value>1.0.0-20221130.191603-67</value><updated>20221130191624</updated></snapshotVersion><snapshotVersion><extension>jar.sha1</extension><value>1.0.0-20221130.191603-67</value><updated>20221130191626</updated></snapshotVersion><snapshotVersion><extension>jar.md5</extension><value>1.0.0-20221130.191603-67</value><updated>20221130191629</updated></snapshotVersion><snapshotVersion><extension>pom</extension><value>1.0.0-20221130.191603-67</value><updated>20221130191631</updated></snapshotVersion><snapshotVersion><extension>pom.sha1</extension><value>1.0.0-20221130.191603-67</value><updated>20221130191633</updated></snapshotVersion><snapshotVersion><extension>pom.md5</extension><value>1.0.0-20221130.191603-67</value><updated>20221130191635</updated></snapshotVersion><snapshotVersion><extension>jar</extension><classifier>javadoc</classifier><value>1.0.0-20221130.191603-67</value><updated>20221130191639</updated></snapshotVersion><snapshotVersion><extension>jar.sha1</extension><classifier>javadoc</classifier><value>1.0.0-20221130.191603-67</value><updated>20221130191641</updated></snapshotVersion><snapshotVersion><extension>jar.md5</extension><classifier>javadoc</classifier><value>1.0.0-20221130.191603-67</value><updated>20221130191643</updated></snapshotVersion><snapshotVersion><extension>jar</extension><classifier>sources</classifier><value>1.0.0-20221130.191603-67</value><updated>20221130191645</updated></snapshotVersion><snapshotVersion><extension>jar.sha1</extension><classifier>sources</classifier><value>1.0.0-20221130.191603-67</value><updated>20221130191647</updated></snapshotVersion><snapshotVersion><extension>jar.md5</extension><classifier>sources</classifier><value>1.0.0-20221130.191603-67</value><updated>20221130191650</updated></snapshotVersion><snapshotVersion><extension>jar</extension><value>1.0.0-20221206.160444-68</value><updated>20221206160501</updated></snapshotVersion><snapshotVersion><extension>jar.sha1</extension><value>1.0.0-20221206.160444-68</value><updated>20221206160503</updated></snapshotVersion><snapshotVersion><extension>jar.md5</extension><value>1.0.0-20221206.160444-68</value><updated>20221206160505</updated></snapshotVersion><snapshotVersion><extension>pom</extension><value>1.0.0-20221206.160444-68</value><updated>20221206160507</updated></snapshotVersion><snapshotVersion><extension>pom.sha1</extension><value>1.0.0-20221206.160444-68</value><updated>20221206160509</updated></snapshotVersion><snapshotVersion><extension>pom.md5</extension><value>1.0.0-20221206.160444-68</value><updated>20221206160510</updated></snapshotVersion><snapshotVersion><extension>jar</extension><classifier>javadoc</classifier><value>1.0.0-20221206.160444-68</value><updated>20221206160512</updated></snapshotVersion><snapshotVersion><extension>jar.sha1</extension><classifier>javadoc</classifier><value>1.0.0-20221206.160444-68</value><updated>20221206160514</updated></snapshotVersion><snapshotVersion><extension>jar.md5</extension><classifier>javadoc</classifier><value>1.0.0-20221206.160444-68</value><updated>20221206160516</updated></snapshotVersion><snapshotVersion><extension>jar</extension><classifier>sources</classifier><value>1.0.0-20221206.160444-68</value><updated>20221206160517</updated></snapshotVersion><snapshotVersion><extension>jar.sha1</extension><classifier>sources</classifier><value>1.0.0-20221206.160444-68</value><updated>20221206160519</updated></snapshotVersion><snapshotVersion><extension>jar.md5</extension><classifier>sources</classifier><value>1.0.0-20221206.160444-68</value><updated>20221206160520</updated></snapshotVersion></snapshotVersions></versioning></metadata>