<metadata modelVersion=""><groupId>com.solace.connector.core</groupId><artifactId>pubsubplus-connector-component-build-parent</artifactId><version>1.1.0-SNAPSHOT</version><versioning><snapshot><timestamp>20230425.175520</timestamp><buildNumber>39</buildNumber></snapshot><lastUpdated>20230425180122</lastUpdated><snapshotVersions><snapshotVersion><extension>pom.sha1</extension><value>1.1.0-20230302.215747-6</value><updated>20230302220439</updated></snapshotVersion><snapshotVersion><extension>pom.md5</extension><value>1.1.0-20230302.215747-6</value><updated>20230302220440</updated></snapshotVersion><snapshotVersion><extension>pom</extension><value>1.1.0-20230303.162640-7</value><updated>20230303163313</updated></snapshotVersion><snapshotVersion><extension>pom.sha1</extension><value>1.1.0-20230303.162640-7</value><updated>20230303163314</updated></snapshotVersion><snapshotVersion><extension>pom.md5</extension><value>1.1.0-20230303.162640-7</value><updated>20230303163316</updated></snapshotVersion><snapshotVersion><extension>pom</extension><value>1.1.0-20230306.153948-8</value><updated>20230306154655</updated></snapshotVersion><snapshotVersion><extension>pom.sha1</extension><value>1.1.0-20230306.153948-8</value><updated>20230306154656</updated></snapshotVersion><snapshotVersion><extension>pom.md5</extension><value>1.1.0-20230306.153948-8</value><updated>20230306154658</updated></snapshotVersion><snapshotVersion><extension>pom</extension><value>1.1.0-20230307.142422-9</value><updated>20230307143211</updated></snapshotVersion><snapshotVersion><extension>pom.sha1</extension><value>1.1.0-20230307.142422-9</value><updated>20230307143212</updated></snapshotVersion><snapshotVersion><extension>pom.md5</extension><value>1.1.0-20230307.142422-9</value><updated>20230307143214</updated></snapshotVersion><snapshotVersion><extension>pom</extension><value>1.1.0-20230309.224800-10</value><updated>20230309225517</updated></snapshotVersion><snapshotVersion><extension>pom.md5</extension><value>1.1.0-20230309.224800-10</value><updated>20230309225519</updated></snapshotVersion><snapshotVersion><extension>pom</extension><value>1.1.0-20230309.225814-11</value><updated>20230309230540</updated></snapshotVersion><snapshotVersion><extension>pom.sha1</extension><value>1.1.0-20230309.225814-11</value><updated>20230309230541</updated></snapshotVersion><snapshotVersion><extension>pom.md5</extension><value>1.1.0-20230309.225814-11</value><updated>20230309230542</updated></snapshotVersion><snapshotVersion><extension>pom</extension><value>1.1.0-20230309.235448-12</value><updated>20230310000107</updated></snapshotVersion><snapshotVersion><extension>pom.sha1</extension><value>1.1.0-20230309.235448-12</value><updated>20230310000109</updated></snapshotVersion><snapshotVersion><extension>pom.md5</extension><value>1.1.0-20230309.235448-12</value><updated>20230310000110</updated></snapshotVersion><snapshotVersion><extension>pom</extension><value>1.1.0-20230310.000022-13</value><updated>20230310000732</updated></snapshotVersion><snapshotVersion><extension>pom.sha1</extension><value>1.1.0-20230310.000022-13</value><updated>20230310000734</updated></snapshotVersion><snapshotVersion><extension>pom.md5</extension><value>1.1.0-20230310.000022-13</value><updated>20230310000735</updated></snapshotVersion><snapshotVersion><extension>pom</extension><value>1.1.0-20230310.173829-14</value><updated>20230310174608</updated></snapshotVersion><snapshotVersion><extension>pom.sha1</extension><value>1.1.0-20230310.173829-14</value><updated>20230310174609</updated></snapshotVersion><snapshotVersion><extension>pom.md5</extension><value>1.1.0-20230310.173829-14</value><updated>20230310174611</updated></snapshotVersion><snapshotVersion><extension>pom</extension><value>1.1.0-20230313.154146-15</value><updated>20230313154954</updated></snapshotVersion><snapshotVersion><extension>pom.sha1</extension><value>1.1.0-20230313.154146-15</value><updated>20230313154956</updated></snapshotVersion><snapshotVersion><extension>pom.md5</extension><value>1.1.0-20230313.154146-15</value><updated>20230313154958</updated></snapshotVersion><snapshotVersion><extension>pom</extension><value>1.1.0-20230313.193525-16</value><updated>20230313194225</updated></snapshotVersion><snapshotVersion><extension>pom.sha1</extension><value>1.1.0-20230313.193525-16</value><updated>20230313194227</updated></snapshotVersion><snapshotVersion><extension>pom.md5</extension><value>1.1.0-20230313.193525-16</value><updated>20230313194228</updated></snapshotVersion><snapshotVersion><extension>pom</extension><value>1.1.0-20230313.210955-17</value><updated>20230313211821</updated></snapshotVersion><snapshotVersion><extension>pom.sha1</extension><value>1.1.0-20230313.210955-17</value><updated>20230313211822</updated></snapshotVersion><snapshotVersion><extension>pom.md5</extension><value>1.1.0-20230313.210955-17</value><updated>20230313211824</updated></snapshotVersion><snapshotVersion><extension>pom</extension><value>1.1.0-20230313.222452-18</value><updated>20230313223209</updated></snapshotVersion><snapshotVersion><extension>pom.sha1</extension><value>1.1.0-20230313.222452-18</value><updated>20230313223211</updated></snapshotVersion><snapshotVersion><extension>pom.md5</extension><value>1.1.0-20230313.222452-18</value><updated>20230313223212</updated></snapshotVersion><snapshotVersion><extension>pom</extension><value>1.1.0-20230314.032346-19</value><updated>20230314033041</updated></snapshotVersion><snapshotVersion><extension>pom.sha1</extension><value>1.1.0-20230314.032346-19</value><updated>20230314033043</updated></snapshotVersion><snapshotVersion><extension>pom.md5</extension><value>1.1.0-20230314.032346-19</value><updated>20230314033044</updated></snapshotVersion><snapshotVersion><extension>pom</extension><value>1.1.0-20230314.201953-20</value><updated>20230314202710</updated></snapshotVersion><snapshotVersion><extension>pom.sha1</extension><value>1.1.0-20230314.201953-20</value><updated>20230314202711</updated></snapshotVersion><snapshotVersion><extension>pom.md5</extension><value>1.1.0-20230314.201953-20</value><updated>20230314202713</updated></snapshotVersion><snapshotVersion><extension>pom</extension><value>1.1.0-20230315.213957-21</value><updated>20230315214818</updated></snapshotVersion><snapshotVersion><extension>pom.sha1</extension><value>1.1.0-20230315.213957-21</value><updated>20230315214820</updated></snapshotVersion><snapshotVersion><extension>pom.md5</extension><value>1.1.0-20230315.213957-21</value><updated>20230315214821</updated></snapshotVersion><snapshotVersion><extension>pom</extension><value>1.1.0-20230316.213141-22</value><updated>20230316213903</updated></snapshotVersion><snapshotVersion><extension>pom.sha1</extension><value>1.1.0-20230316.213141-22</value><updated>20230316213905</updated></snapshotVersion><snapshotVersion><extension>pom.md5</extension><value>1.1.0-20230316.213141-22</value><updated>20230316213906</updated></snapshotVersion><snapshotVersion><extension>pom</extension><value>1.1.0-20230317.162212-23</value><updated>20230317162943</updated></snapshotVersion><snapshotVersion><extension>pom.sha1</extension><value>1.1.0-20230317.162212-23</value><updated>20230317162945</updated></snapshotVersion><snapshotVersion><extension>pom.md5</extension><value>1.1.0-20230317.162212-23</value><updated>20230317162946</updated></snapshotVersion><snapshotVersion><extension>pom</extension><value>1.1.0-20230317.205807-24</value><updated>20230317210504</updated></snapshotVersion><snapshotVersion><extension>pom.sha1</extension><value>1.1.0-20230317.205807-24</value><updated>20230317210505</updated></snapshotVersion><snapshotVersion><extension>pom.md5</extension><value>1.1.0-20230317.205807-24</value><updated>20230317210507</updated></snapshotVersion><snapshotVersion><extension>pom</extension><value>1.1.0-20230320.204442-25</value><updated>20230320205103</updated></snapshotVersion><snapshotVersion><extension>pom.sha1</extension><value>1.1.0-20230320.204442-25</value><updated>20230320205104</updated></snapshotVersion><snapshotVersion><extension>pom.md5</extension><value>1.1.0-20230320.204442-25</value><updated>20230320205106</updated></snapshotVersion><snapshotVersion><extension>pom</extension><value>1.1.0-20230324.195047-26</value><updated>20230324195710</updated></snapshotVersion><snapshotVersion><extension>pom.sha1</extension><value>1.1.0-20230324.195047-26</value><updated>20230324195711</updated></snapshotVersion><snapshotVersion><extension>pom.md5</extension><value>1.1.0-20230324.195047-26</value><updated>20230324195712</updated></snapshotVersion><snapshotVersion><extension>pom</extension><value>1.1.0-20230328.191726-27</value><updated>20230328192400</updated></snapshotVersion><snapshotVersion><extension>pom.sha1</extension><value>1.1.0-20230328.191726-27</value><updated>20230328192401</updated></snapshotVersion><snapshotVersion><extension>pom.md5</extension><value>1.1.0-20230328.191726-27</value><updated>20230328192403</updated></snapshotVersion><snapshotVersion><extension>pom</extension><value>1.1.0-20230331.155548-28</value><updated>20230331160152</updated></snapshotVersion><snapshotVersion><extension>pom.sha1</extension><value>1.1.0-20230331.155548-28</value><updated>20230331160154</updated></snapshotVersion><snapshotVersion><extension>pom.md5</extension><value>1.1.0-20230331.155548-28</value><updated>20230331160155</updated></snapshotVersion><snapshotVersion><extension>pom</extension><value>1.1.0-20230331.160815-29</value><updated>20230331161435</updated></snapshotVersion><snapshotVersion><extension>pom.sha1</extension><value>1.1.0-20230331.160815-29</value><updated>20230331161436</updated></snapshotVersion><snapshotVersion><extension>pom.md5</extension><value>1.1.0-20230331.160815-29</value><updated>20230331161437</updated></snapshotVersion><snapshotVersion><extension>pom</extension><value>1.1.0-20230405.135410-30</value><updated>20230405140158</updated></snapshotVersion><snapshotVersion><extension>pom.sha1</extension><value>1.1.0-20230405.135410-30</value><updated>20230405140159</updated></snapshotVersion><snapshotVersion><extension>pom.md5</extension><value>1.1.0-20230405.135410-30</value><updated>20230405140201</updated></snapshotVersion><snapshotVersion><extension>pom</extension><value>1.1.0-20230409.011112-31</value><updated>20230409011656</updated></snapshotVersion><snapshotVersion><extension>pom.sha1</extension><value>1.1.0-20230409.011112-31</value><updated>20230409011657</updated></snapshotVersion><snapshotVersion><extension>pom.md5</extension><value>1.1.0-20230409.011112-31</value><updated>20230409011658</updated></snapshotVersion><snapshotVersion><extension>pom</extension><value>1.1.0-20230410.163452-32</value><updated>20230410164106</updated></snapshotVersion><snapshotVersion><extension>pom.sha1</extension><value>1.1.0-20230410.163452-32</value><updated>20230410164107</updated></snapshotVersion><snapshotVersion><extension>pom.md5</extension><value>1.1.0-20230410.163452-32</value><updated>20230410164108</updated></snapshotVersion><snapshotVersion><extension>pom</extension><value>1.1.0-20230413.200813-33</value><updated>20230413201509</updated></snapshotVersion><snapshotVersion><extension>pom.sha1</extension><value>1.1.0-20230413.200813-33</value><updated>20230413201511</updated></snapshotVersion><snapshotVersion><extension>pom.md5</extension><value>1.1.0-20230413.200813-33</value><updated>20230413201512</updated></snapshotVersion><snapshotVersion><extension>pom</extension><value>1.1.0-20230414.145330-34</value><updated>20230414150029</updated></snapshotVersion><snapshotVersion><extension>pom.sha1</extension><value>1.1.0-20230414.145330-34</value><updated>20230414150030</updated></snapshotVersion><snapshotVersion><extension>pom.md5</extension><value>1.1.0-20230414.145330-34</value><updated>20230414150032</updated></snapshotVersion><snapshotVersion><extension>pom</extension><value>1.1.0-20230418.010725-35</value><updated>20230418011321</updated></snapshotVersion><snapshotVersion><extension>pom.sha1</extension><value>1.1.0-20230418.010725-35</value><updated>20230418011322</updated></snapshotVersion><snapshotVersion><extension>pom.md5</extension><value>1.1.0-20230418.010725-35</value><updated>20230418011323</updated></snapshotVersion><snapshotVersion><extension>pom</extension><value>1.1.0-20230420.172907-36</value><updated>20230420173520</updated></snapshotVersion><snapshotVersion><extension>pom.sha1</extension><value>1.1.0-20230420.172907-36</value><updated>20230420173522</updated></snapshotVersion><snapshotVersion><extension>pom.md5</extension><value>1.1.0-20230420.172907-36</value><updated>20230420173523</updated></snapshotVersion><snapshotVersion><extension>pom</extension><value>1.1.0-20230425.125656-37</value><updated>20230425130323</updated></snapshotVersion><snapshotVersion><extension>pom.sha1</extension><value>1.1.0-20230425.125656-37</value><updated>20230425130324</updated></snapshotVersion><snapshotVersion><extension>pom.md5</extension><value>1.1.0-20230425.125656-37</value><updated>20230425130325</updated></snapshotVersion><snapshotVersion><extension>pom</extension><value>1.1.0-20230425.130358-38</value><updated>20230425131054</updated></snapshotVersion><snapshotVersion><extension>pom.sha1</extension><value>1.1.0-20230425.130358-38</value><updated>20230425131056</updated></snapshotVersion><snapshotVersion><extension>pom.md5</extension><value>1.1.0-20230425.130358-38</value><updated>20230425131057</updated></snapshotVersion><snapshotVersion><extension>pom</extension><value>1.1.0-20230425.175520-39</value><updated>20230425180120</updated></snapshotVersion><snapshotVersion><extension>pom.sha1</extension><value>1.1.0-20230425.175520-39</value><updated>20230425180121</updated></snapshotVersion><snapshotVersion><extension>pom.md5</extension><value>1.1.0-20230425.175520-39</value><updated>20230425180122</updated></snapshotVersion></snapshotVersions></versioning></metadata>