<metadata modelVersion=""><groupId>com.solace.connector.core.resource</groupId><artifactId>pubsubplus-connector-framework-docs-resource-bundle</artifactId><version>1.1.0-SNAPSHOT</version><versioning><snapshot><timestamp>20230425.175520</timestamp><buildNumber>23</buildNumber></snapshot><lastUpdated>20230425175747</lastUpdated><snapshotVersions><snapshotVersion><extension>jar.md5</extension><classifier>javadoc</classifier><value>1.1.0-20230409.011112-15</value><updated>20230409011326</updated></snapshotVersion><snapshotVersion><extension>jar</extension><classifier>sources</classifier><value>1.1.0-20230409.011112-15</value><updated>20230409011327</updated></snapshotVersion><snapshotVersion><extension>jar.sha1</extension><classifier>sources</classifier><value>1.1.0-20230409.011112-15</value><updated>20230409011328</updated></snapshotVersion><snapshotVersion><extension>jar.md5</extension><classifier>sources</classifier><value>1.1.0-20230409.011112-15</value><updated>20230409011329</updated></snapshotVersion><snapshotVersion><extension>jar</extension><value>1.1.0-20230410.163452-16</value><updated>20230410163716</updated></snapshotVersion><snapshotVersion><extension>jar.sha1</extension><value>1.1.0-20230410.163452-16</value><updated>20230410163717</updated></snapshotVersion><snapshotVersion><extension>jar.md5</extension><value>1.1.0-20230410.163452-16</value><updated>20230410163718</updated></snapshotVersion><snapshotVersion><extension>pom</extension><value>1.1.0-20230410.163452-16</value><updated>20230410163720</updated></snapshotVersion><snapshotVersion><extension>pom.sha1</extension><value>1.1.0-20230410.163452-16</value><updated>20230410163721</updated></snapshotVersion><snapshotVersion><extension>pom.md5</extension><value>1.1.0-20230410.163452-16</value><updated>20230410163722</updated></snapshotVersion><snapshotVersion><extension>jar</extension><classifier>javadoc</classifier><value>1.1.0-20230410.163452-16</value><updated>20230410163723</updated></snapshotVersion><snapshotVersion><extension>jar.sha1</extension><classifier>javadoc</classifier><value>1.1.0-20230410.163452-16</value><updated>20230410163725</updated></snapshotVersion><snapshotVersion><extension>jar.md5</extension><classifier>javadoc</classifier><value>1.1.0-20230410.163452-16</value><updated>20230410163726</updated></snapshotVersion><snapshotVersion><extension>jar</extension><classifier>sources</classifier><value>1.1.0-20230410.163452-16</value><updated>20230410163727</updated></snapshotVersion><snapshotVersion><extension>jar.sha1</extension><classifier>sources</classifier><value>1.1.0-20230410.163452-16</value><updated>20230410163728</updated></snapshotVersion><snapshotVersion><extension>jar.md5</extension><classifier>sources</classifier><value>1.1.0-20230410.163452-16</value><updated>20230410163729</updated></snapshotVersion><snapshotVersion><extension>jar</extension><value>1.1.0-20230413.200813-17</value><updated>20230413201058</updated></snapshotVersion><snapshotVersion><extension>jar.sha1</extension><value>1.1.0-20230413.200813-17</value><updated>20230413201059</updated></snapshotVersion><snapshotVersion><extension>jar.md5</extension><value>1.1.0-20230413.200813-17</value><updated>20230413201101</updated></snapshotVersion><snapshotVersion><extension>pom</extension><value>1.1.0-20230413.200813-17</value><updated>20230413201102</updated></snapshotVersion><snapshotVersion><extension>pom.sha1</extension><value>1.1.0-20230413.200813-17</value><updated>20230413201103</updated></snapshotVersion><snapshotVersion><extension>pom.md5</extension><value>1.1.0-20230413.200813-17</value><updated>20230413201105</updated></snapshotVersion><snapshotVersion><extension>jar</extension><classifier>javadoc</classifier><value>1.1.0-20230413.200813-17</value><updated>20230413201107</updated></snapshotVersion><snapshotVersion><extension>jar.sha1</extension><classifier>javadoc</classifier><value>1.1.0-20230413.200813-17</value><updated>20230413201108</updated></snapshotVersion><snapshotVersion><extension>jar.md5</extension><classifier>javadoc</classifier><value>1.1.0-20230413.200813-17</value><updated>20230413201109</updated></snapshotVersion><snapshotVersion><extension>jar</extension><classifier>sources</classifier><value>1.1.0-20230413.200813-17</value><updated>20230413201111</updated></snapshotVersion><snapshotVersion><extension>jar.sha1</extension><classifier>sources</classifier><value>1.1.0-20230413.200813-17</value><updated>20230413201112</updated></snapshotVersion><snapshotVersion><extension>jar.md5</extension><classifier>sources</classifier><value>1.1.0-20230413.200813-17</value><updated>20230413201113</updated></snapshotVersion><snapshotVersion><extension>jar</extension><value>1.1.0-20230414.145330-18</value><updated>20230414145616</updated></snapshotVersion><snapshotVersion><extension>jar.sha1</extension><value>1.1.0-20230414.145330-18</value><updated>20230414145617</updated></snapshotVersion><snapshotVersion><extension>jar.md5</extension><value>1.1.0-20230414.145330-18</value><updated>20230414145619</updated></snapshotVersion><snapshotVersion><extension>pom</extension><value>1.1.0-20230414.145330-18</value><updated>20230414145620</updated></snapshotVersion><snapshotVersion><extension>pom.sha1</extension><value>1.1.0-20230414.145330-18</value><updated>20230414145621</updated></snapshotVersion><snapshotVersion><extension>pom.md5</extension><value>1.1.0-20230414.145330-18</value><updated>20230414145623</updated></snapshotVersion><snapshotVersion><extension>jar</extension><classifier>javadoc</classifier><value>1.1.0-20230414.145330-18</value><updated>20230414145625</updated></snapshotVersion><snapshotVersion><extension>jar.sha1</extension><classifier>javadoc</classifier><value>1.1.0-20230414.145330-18</value><updated>20230414145626</updated></snapshotVersion><snapshotVersion><extension>jar.md5</extension><classifier>javadoc</classifier><value>1.1.0-20230414.145330-18</value><updated>20230414145628</updated></snapshotVersion><snapshotVersion><extension>jar</extension><classifier>sources</classifier><value>1.1.0-20230414.145330-18</value><updated>20230414145629</updated></snapshotVersion><snapshotVersion><extension>jar.sha1</extension><classifier>sources</classifier><value>1.1.0-20230414.145330-18</value><updated>20230414145630</updated></snapshotVersion><snapshotVersion><extension>jar.md5</extension><classifier>sources</classifier><value>1.1.0-20230414.145330-18</value><updated>20230414145632</updated></snapshotVersion><snapshotVersion><extension>jar</extension><value>1.1.0-20230418.010725-19</value><updated>20230418010938</updated></snapshotVersion><snapshotVersion><extension>jar.sha1</extension><value>1.1.0-20230418.010725-19</value><updated>20230418010939</updated></snapshotVersion><snapshotVersion><extension>jar.md5</extension><value>1.1.0-20230418.010725-19</value><updated>20230418010940</updated></snapshotVersion><snapshotVersion><extension>pom</extension><value>1.1.0-20230418.010725-19</value><updated>20230418010941</updated></snapshotVersion><snapshotVersion><extension>pom.sha1</extension><value>1.1.0-20230418.010725-19</value><updated>20230418010942</updated></snapshotVersion><snapshotVersion><extension>pom.md5</extension><value>1.1.0-20230418.010725-19</value><updated>20230418010943</updated></snapshotVersion><snapshotVersion><extension>jar</extension><classifier>javadoc</classifier><value>1.1.0-20230418.010725-19</value><updated>20230418010944</updated></snapshotVersion><snapshotVersion><extension>jar.sha1</extension><classifier>javadoc</classifier><value>1.1.0-20230418.010725-19</value><updated>20230418010945</updated></snapshotVersion><snapshotVersion><extension>jar.md5</extension><classifier>javadoc</classifier><value>1.1.0-20230418.010725-19</value><updated>20230418010946</updated></snapshotVersion><snapshotVersion><extension>jar</extension><classifier>sources</classifier><value>1.1.0-20230418.010725-19</value><updated>20230418010948</updated></snapshotVersion><snapshotVersion><extension>jar.sha1</extension><classifier>sources</classifier><value>1.1.0-20230418.010725-19</value><updated>20230418010949</updated></snapshotVersion><snapshotVersion><extension>jar.md5</extension><classifier>sources</classifier><value>1.1.0-20230418.010725-19</value><updated>20230418010950</updated></snapshotVersion><snapshotVersion><extension>jar</extension><value>1.1.0-20230420.172907-20</value><updated>20230420173130</updated></snapshotVersion><snapshotVersion><extension>jar.sha1</extension><value>1.1.0-20230420.172907-20</value><updated>20230420173131</updated></snapshotVersion><snapshotVersion><extension>jar.md5</extension><value>1.1.0-20230420.172907-20</value><updated>20230420173132</updated></snapshotVersion><snapshotVersion><extension>pom</extension><value>1.1.0-20230420.172907-20</value><updated>20230420173133</updated></snapshotVersion><snapshotVersion><extension>pom.sha1</extension><value>1.1.0-20230420.172907-20</value><updated>20230420173134</updated></snapshotVersion><snapshotVersion><extension>pom.md5</extension><value>1.1.0-20230420.172907-20</value><updated>20230420173135</updated></snapshotVersion><snapshotVersion><extension>jar</extension><classifier>javadoc</classifier><value>1.1.0-20230420.172907-20</value><updated>20230420173137</updated></snapshotVersion><snapshotVersion><extension>jar.sha1</extension><classifier>javadoc</classifier><value>1.1.0-20230420.172907-20</value><updated>20230420173138</updated></snapshotVersion><snapshotVersion><extension>jar.md5</extension><classifier>javadoc</classifier><value>1.1.0-20230420.172907-20</value><updated>20230420173139</updated></snapshotVersion><snapshotVersion><extension>jar</extension><classifier>sources</classifier><value>1.1.0-20230420.172907-20</value><updated>20230420173141</updated></snapshotVersion><snapshotVersion><extension>jar.sha1</extension><classifier>sources</classifier><value>1.1.0-20230420.172907-20</value><updated>20230420173142</updated></snapshotVersion><snapshotVersion><extension>jar.md5</extension><classifier>sources</classifier><value>1.1.0-20230420.172907-20</value><updated>20230420173143</updated></snapshotVersion><snapshotVersion><extension>jar</extension><value>1.1.0-20230425.125656-21</value><updated>20230425125923</updated></snapshotVersion><snapshotVersion><extension>jar.sha1</extension><value>1.1.0-20230425.125656-21</value><updated>20230425125924</updated></snapshotVersion><snapshotVersion><extension>jar.md5</extension><value>1.1.0-20230425.125656-21</value><updated>20230425125925</updated></snapshotVersion><snapshotVersion><extension>pom</extension><value>1.1.0-20230425.125656-21</value><updated>20230425125927</updated></snapshotVersion><snapshotVersion><extension>pom.sha1</extension><value>1.1.0-20230425.125656-21</value><updated>20230425125928</updated></snapshotVersion><snapshotVersion><extension>pom.md5</extension><value>1.1.0-20230425.125656-21</value><updated>20230425125929</updated></snapshotVersion><snapshotVersion><extension>jar</extension><classifier>javadoc</classifier><value>1.1.0-20230425.125656-21</value><updated>20230425125931</updated></snapshotVersion><snapshotVersion><extension>jar.sha1</extension><classifier>javadoc</classifier><value>1.1.0-20230425.125656-21</value><updated>20230425125932</updated></snapshotVersion><snapshotVersion><extension>jar.md5</extension><classifier>javadoc</classifier><value>1.1.0-20230425.125656-21</value><updated>20230425125933</updated></snapshotVersion><snapshotVersion><extension>jar</extension><classifier>sources</classifier><value>1.1.0-20230425.125656-21</value><updated>20230425125934</updated></snapshotVersion><snapshotVersion><extension>jar.sha1</extension><classifier>sources</classifier><value>1.1.0-20230425.125656-21</value><updated>20230425125935</updated></snapshotVersion><snapshotVersion><extension>jar.md5</extension><classifier>sources</classifier><value>1.1.0-20230425.125656-21</value><updated>20230425125937</updated></snapshotVersion><snapshotVersion><extension>jar</extension><value>1.1.0-20230425.130358-22</value><updated>20230425130644</updated></snapshotVersion><snapshotVersion><extension>jar.sha1</extension><value>1.1.0-20230425.130358-22</value><updated>20230425130645</updated></snapshotVersion><snapshotVersion><extension>jar.md5</extension><value>1.1.0-20230425.130358-22</value><updated>20230425130646</updated></snapshotVersion><snapshotVersion><extension>pom</extension><value>1.1.0-20230425.130358-22</value><updated>20230425130647</updated></snapshotVersion><snapshotVersion><extension>pom.sha1</extension><value>1.1.0-20230425.130358-22</value><updated>20230425130649</updated></snapshotVersion><snapshotVersion><extension>pom.md5</extension><value>1.1.0-20230425.130358-22</value><updated>20230425130650</updated></snapshotVersion><snapshotVersion><extension>jar</extension><classifier>javadoc</classifier><value>1.1.0-20230425.130358-22</value><updated>20230425130652</updated></snapshotVersion><snapshotVersion><extension>jar.sha1</extension><classifier>javadoc</classifier><value>1.1.0-20230425.130358-22</value><updated>20230425130653</updated></snapshotVersion><snapshotVersion><extension>jar.md5</extension><classifier>javadoc</classifier><value>1.1.0-20230425.130358-22</value><updated>20230425130655</updated></snapshotVersion><snapshotVersion><extension>jar</extension><classifier>sources</classifier><value>1.1.0-20230425.130358-22</value><updated>20230425130657</updated></snapshotVersion><snapshotVersion><extension>jar.sha1</extension><classifier>sources</classifier><value>1.1.0-20230425.130358-22</value><updated>20230425130658</updated></snapshotVersion><snapshotVersion><extension>jar.md5</extension><classifier>sources</classifier><value>1.1.0-20230425.130358-22</value><updated>20230425130659</updated></snapshotVersion><snapshotVersion><extension>jar</extension><value>1.1.0-20230425.175520-23</value><updated>20230425175734</updated></snapshotVersion><snapshotVersion><extension>jar.sha1</extension><value>1.1.0-20230425.175520-23</value><updated>20230425175735</updated></snapshotVersion><snapshotVersion><extension>jar.md5</extension><value>1.1.0-20230425.175520-23</value><updated>20230425175736</updated></snapshotVersion><snapshotVersion><extension>pom</extension><value>1.1.0-20230425.175520-23</value><updated>20230425175737</updated></snapshotVersion><snapshotVersion><extension>pom.sha1</extension><value>1.1.0-20230425.175520-23</value><updated>20230425175738</updated></snapshotVersion><snapshotVersion><extension>pom.md5</extension><value>1.1.0-20230425.175520-23</value><updated>20230425175740</updated></snapshotVersion><snapshotVersion><extension>jar</extension><classifier>javadoc</classifier><value>1.1.0-20230425.175520-23</value><updated>20230425175741</updated></snapshotVersion><snapshotVersion><extension>jar.sha1</extension><classifier>javadoc</classifier><value>1.1.0-20230425.175520-23</value><updated>20230425175742</updated></snapshotVersion><snapshotVersion><extension>jar.md5</extension><classifier>javadoc</classifier><value>1.1.0-20230425.175520-23</value><updated>20230425175743</updated></snapshotVersion><snapshotVersion><extension>jar</extension><classifier>sources</classifier><value>1.1.0-20230425.175520-23</value><updated>20230425175744</updated></snapshotVersion><snapshotVersion><extension>jar.sha1</extension><classifier>sources</classifier><value>1.1.0-20230425.175520-23</value><updated>20230425175746</updated></snapshotVersion><snapshotVersion><extension>jar.md5</extension><classifier>sources</classifier><value>1.1.0-20230425.175520-23</value><updated>20230425175747</updated></snapshotVersion></snapshotVersions></versioning></metadata>