<metadata modelVersion=""><groupId>com.solace.connector.core</groupId><artifactId>pubsubplus-connector-framework-bom</artifactId><version>1.1.0-SNAPSHOT</version><versioning><snapshot><timestamp>20230425.175520</timestamp><buildNumber>55</buildNumber></snapshot><lastUpdated>20230425180108</lastUpdated><snapshotVersions><snapshotVersion><extension>pom.md5</extension><value>1.1.0-20230302.215747-22</value><updated>20230302220430</updated></snapshotVersion><snapshotVersion><extension>pom</extension><value>1.1.0-20230303.162640-23</value><updated>20230303163301</updated></snapshotVersion><snapshotVersion><extension>pom.sha1</extension><value>1.1.0-20230303.162640-23</value><updated>20230303163302</updated></snapshotVersion><snapshotVersion><extension>pom.md5</extension><value>1.1.0-20230303.162640-23</value><updated>20230303163304</updated></snapshotVersion><snapshotVersion><extension>pom</extension><value>1.1.0-20230306.153948-24</value><updated>20230306154642</updated></snapshotVersion><snapshotVersion><extension>pom.sha1</extension><value>1.1.0-20230306.153948-24</value><updated>20230306154644</updated></snapshotVersion><snapshotVersion><extension>pom.md5</extension><value>1.1.0-20230306.153948-24</value><updated>20230306154646</updated></snapshotVersion><snapshotVersion><extension>pom</extension><value>1.1.0-20230307.142422-25</value><updated>20230307143155</updated></snapshotVersion><snapshotVersion><extension>pom.sha1</extension><value>1.1.0-20230307.142422-25</value><updated>20230307143157</updated></snapshotVersion><snapshotVersion><extension>pom.md5</extension><value>1.1.0-20230307.142422-25</value><updated>20230307143159</updated></snapshotVersion><snapshotVersion><extension>pom</extension><value>1.1.0-20230309.224800-26</value><updated>20230309225457</updated></snapshotVersion><snapshotVersion><extension>pom.sha1</extension><value>1.1.0-20230309.224800-26</value><updated>20230309225459</updated></snapshotVersion><snapshotVersion><extension>pom.md5</extension><value>1.1.0-20230309.224800-26</value><updated>20230309225500</updated></snapshotVersion><snapshotVersion><extension>pom</extension><value>1.1.0-20230309.225814-27</value><updated>20230309230512</updated></snapshotVersion><snapshotVersion><extension>pom.sha1</extension><value>1.1.0-20230309.225814-27</value><updated>20230309230513</updated></snapshotVersion><snapshotVersion><extension>pom.md5</extension><value>1.1.0-20230309.225814-27</value><updated>20230309230515</updated></snapshotVersion><snapshotVersion><extension>pom</extension><value>1.1.0-20230309.235448-28</value><updated>20230310000042</updated></snapshotVersion><snapshotVersion><extension>pom.sha1</extension><value>1.1.0-20230309.235448-28</value><updated>20230310000044</updated></snapshotVersion><snapshotVersion><extension>pom.md5</extension><value>1.1.0-20230309.235448-28</value><updated>20230310000045</updated></snapshotVersion><snapshotVersion><extension>pom</extension><value>1.1.0-20230310.000022-29</value><updated>20230310000715</updated></snapshotVersion><snapshotVersion><extension>pom.sha1</extension><value>1.1.0-20230310.000022-29</value><updated>20230310000717</updated></snapshotVersion><snapshotVersion><extension>pom.md5</extension><value>1.1.0-20230310.000022-29</value><updated>20230310000718</updated></snapshotVersion><snapshotVersion><extension>pom</extension><value>1.1.0-20230310.173829-30</value><updated>20230310174550</updated></snapshotVersion><snapshotVersion><extension>pom.sha1</extension><value>1.1.0-20230310.173829-30</value><updated>20230310174552</updated></snapshotVersion><snapshotVersion><extension>pom.md5</extension><value>1.1.0-20230310.173829-30</value><updated>20230310174553</updated></snapshotVersion><snapshotVersion><extension>pom</extension><value>1.1.0-20230313.154146-31</value><updated>20230313154935</updated></snapshotVersion><snapshotVersion><extension>pom.sha1</extension><value>1.1.0-20230313.154146-31</value><updated>20230313154936</updated></snapshotVersion><snapshotVersion><extension>pom.md5</extension><value>1.1.0-20230313.154146-31</value><updated>20230313154938</updated></snapshotVersion><snapshotVersion><extension>pom</extension><value>1.1.0-20230313.193525-32</value><updated>20230313194208</updated></snapshotVersion><snapshotVersion><extension>pom.sha1</extension><value>1.1.0-20230313.193525-32</value><updated>20230313194210</updated></snapshotVersion><snapshotVersion><extension>pom.md5</extension><value>1.1.0-20230313.193525-32</value><updated>20230313194211</updated></snapshotVersion><snapshotVersion><extension>pom</extension><value>1.1.0-20230313.210955-33</value><updated>20230313211758</updated></snapshotVersion><snapshotVersion><extension>pom.sha1</extension><value>1.1.0-20230313.210955-33</value><updated>20230313211759</updated></snapshotVersion><snapshotVersion><extension>pom.md5</extension><value>1.1.0-20230313.210955-33</value><updated>20230313211801</updated></snapshotVersion><snapshotVersion><extension>pom</extension><value>1.1.0-20230313.222452-34</value><updated>20230313223154</updated></snapshotVersion><snapshotVersion><extension>pom.sha1</extension><value>1.1.0-20230313.222452-34</value><updated>20230313223155</updated></snapshotVersion><snapshotVersion><extension>pom.md5</extension><value>1.1.0-20230313.222452-34</value><updated>20230313223156</updated></snapshotVersion><snapshotVersion><extension>pom</extension><value>1.1.0-20230314.032346-35</value><updated>20230314033025</updated></snapshotVersion><snapshotVersion><extension>pom.sha1</extension><value>1.1.0-20230314.032346-35</value><updated>20230314033027</updated></snapshotVersion><snapshotVersion><extension>pom.md5</extension><value>1.1.0-20230314.032346-35</value><updated>20230314033028</updated></snapshotVersion><snapshotVersion><extension>pom</extension><value>1.1.0-20230314.201953-36</value><updated>20230314202654</updated></snapshotVersion><snapshotVersion><extension>pom.sha1</extension><value>1.1.0-20230314.201953-36</value><updated>20230314202656</updated></snapshotVersion><snapshotVersion><extension>pom.md5</extension><value>1.1.0-20230314.201953-36</value><updated>20230314202657</updated></snapshotVersion><snapshotVersion><extension>pom</extension><value>1.1.0-20230315.213957-37</value><updated>20230315214757</updated></snapshotVersion><snapshotVersion><extension>pom.sha1</extension><value>1.1.0-20230315.213957-37</value><updated>20230315214759</updated></snapshotVersion><snapshotVersion><extension>pom.md5</extension><value>1.1.0-20230315.213957-37</value><updated>20230315214800</updated></snapshotVersion><snapshotVersion><extension>pom</extension><value>1.1.0-20230316.213141-38</value><updated>20230316213847</updated></snapshotVersion><snapshotVersion><extension>pom.sha1</extension><value>1.1.0-20230316.213141-38</value><updated>20230316213848</updated></snapshotVersion><snapshotVersion><extension>pom.md5</extension><value>1.1.0-20230316.213141-38</value><updated>20230316213850</updated></snapshotVersion><snapshotVersion><extension>pom</extension><value>1.1.0-20230317.162212-39</value><updated>20230317162926</updated></snapshotVersion><snapshotVersion><extension>pom.sha1</extension><value>1.1.0-20230317.162212-39</value><updated>20230317162927</updated></snapshotVersion><snapshotVersion><extension>pom.md5</extension><value>1.1.0-20230317.162212-39</value><updated>20230317162928</updated></snapshotVersion><snapshotVersion><extension>pom</extension><value>1.1.0-20230317.205807-40</value><updated>20230317210448</updated></snapshotVersion><snapshotVersion><extension>pom.sha1</extension><value>1.1.0-20230317.205807-40</value><updated>20230317210450</updated></snapshotVersion><snapshotVersion><extension>pom.md5</extension><value>1.1.0-20230317.205807-40</value><updated>20230317210451</updated></snapshotVersion><snapshotVersion><extension>pom</extension><value>1.1.0-20230320.204442-41</value><updated>20230320205049</updated></snapshotVersion><snapshotVersion><extension>pom.sha1</extension><value>1.1.0-20230320.204442-41</value><updated>20230320205050</updated></snapshotVersion><snapshotVersion><extension>pom.md5</extension><value>1.1.0-20230320.204442-41</value><updated>20230320205052</updated></snapshotVersion><snapshotVersion><extension>pom</extension><value>1.1.0-20230324.195047-42</value><updated>20230324195653</updated></snapshotVersion><snapshotVersion><extension>pom.sha1</extension><value>1.1.0-20230324.195047-42</value><updated>20230324195655</updated></snapshotVersion><snapshotVersion><extension>pom.md5</extension><value>1.1.0-20230324.195047-42</value><updated>20230324195656</updated></snapshotVersion><snapshotVersion><extension>pom</extension><value>1.1.0-20230328.191726-43</value><updated>20230328192346</updated></snapshotVersion><snapshotVersion><extension>pom.sha1</extension><value>1.1.0-20230328.191726-43</value><updated>20230328192347</updated></snapshotVersion><snapshotVersion><extension>pom.md5</extension><value>1.1.0-20230328.191726-43</value><updated>20230328192348</updated></snapshotVersion><snapshotVersion><extension>pom</extension><value>1.1.0-20230331.155548-44</value><updated>20230331160140</updated></snapshotVersion><snapshotVersion><extension>pom.sha1</extension><value>1.1.0-20230331.155548-44</value><updated>20230331160141</updated></snapshotVersion><snapshotVersion><extension>pom.md5</extension><value>1.1.0-20230331.155548-44</value><updated>20230331160142</updated></snapshotVersion><snapshotVersion><extension>pom</extension><value>1.1.0-20230331.160815-45</value><updated>20230331161422</updated></snapshotVersion><snapshotVersion><extension>pom.sha1</extension><value>1.1.0-20230331.160815-45</value><updated>20230331161423</updated></snapshotVersion><snapshotVersion><extension>pom.md5</extension><value>1.1.0-20230331.160815-45</value><updated>20230331161424</updated></snapshotVersion><snapshotVersion><extension>pom</extension><value>1.1.0-20230405.135410-46</value><updated>20230405140138</updated></snapshotVersion><snapshotVersion><extension>pom.sha1</extension><value>1.1.0-20230405.135410-46</value><updated>20230405140139</updated></snapshotVersion><snapshotVersion><extension>pom.md5</extension><value>1.1.0-20230405.135410-46</value><updated>20230405140141</updated></snapshotVersion><snapshotVersion><extension>pom</extension><value>1.1.0-20230409.011112-47</value><updated>20230409011644</updated></snapshotVersion><snapshotVersion><extension>pom.sha1</extension><value>1.1.0-20230409.011112-47</value><updated>20230409011645</updated></snapshotVersion><snapshotVersion><extension>pom.md5</extension><value>1.1.0-20230409.011112-47</value><updated>20230409011646</updated></snapshotVersion><snapshotVersion><extension>pom</extension><value>1.1.0-20230410.163452-48</value><updated>20230410164052</updated></snapshotVersion><snapshotVersion><extension>pom.sha1</extension><value>1.1.0-20230410.163452-48</value><updated>20230410164053</updated></snapshotVersion><snapshotVersion><extension>pom.md5</extension><value>1.1.0-20230410.163452-48</value><updated>20230410164054</updated></snapshotVersion><snapshotVersion><extension>pom</extension><value>1.1.0-20230413.200813-49</value><updated>20230413201452</updated></snapshotVersion><snapshotVersion><extension>pom.sha1</extension><value>1.1.0-20230413.200813-49</value><updated>20230413201453</updated></snapshotVersion><snapshotVersion><extension>pom.md5</extension><value>1.1.0-20230413.200813-49</value><updated>20230413201454</updated></snapshotVersion><snapshotVersion><extension>pom</extension><value>1.1.0-20230414.145330-50</value><updated>20230414150012</updated></snapshotVersion><snapshotVersion><extension>pom.sha1</extension><value>1.1.0-20230414.145330-50</value><updated>20230414150013</updated></snapshotVersion><snapshotVersion><extension>pom.md5</extension><value>1.1.0-20230414.145330-50</value><updated>20230414150014</updated></snapshotVersion><snapshotVersion><extension>pom</extension><value>1.1.0-20230418.010725-51</value><updated>20230418011308</updated></snapshotVersion><snapshotVersion><extension>pom.sha1</extension><value>1.1.0-20230418.010725-51</value><updated>20230418011309</updated></snapshotVersion><snapshotVersion><extension>pom.md5</extension><value>1.1.0-20230418.010725-51</value><updated>20230418011310</updated></snapshotVersion><snapshotVersion><extension>pom</extension><value>1.1.0-20230420.172907-52</value><updated>20230420173508</updated></snapshotVersion><snapshotVersion><extension>pom.sha1</extension><value>1.1.0-20230420.172907-52</value><updated>20230420173509</updated></snapshotVersion><snapshotVersion><extension>pom.md5</extension><value>1.1.0-20230420.172907-52</value><updated>20230420173510</updated></snapshotVersion><snapshotVersion><extension>pom</extension><value>1.1.0-20230425.125656-53</value><updated>20230425130308</updated></snapshotVersion><snapshotVersion><extension>pom.sha1</extension><value>1.1.0-20230425.125656-53</value><updated>20230425130309</updated></snapshotVersion><snapshotVersion><extension>pom.md5</extension><value>1.1.0-20230425.125656-53</value><updated>20230425130311</updated></snapshotVersion><snapshotVersion><extension>pom</extension><value>1.1.0-20230425.130358-54</value><updated>20230425131039</updated></snapshotVersion><snapshotVersion><extension>pom.sha1</extension><value>1.1.0-20230425.130358-54</value><updated>20230425131040</updated></snapshotVersion><snapshotVersion><extension>pom.md5</extension><value>1.1.0-20230425.130358-54</value><updated>20230425131041</updated></snapshotVersion><snapshotVersion><extension>pom</extension><value>1.1.0-20230425.175520-55</value><updated>20230425180106</updated></snapshotVersion><snapshotVersion><extension>pom.sha1</extension><value>1.1.0-20230425.175520-55</value><updated>20230425180107</updated></snapshotVersion><snapshotVersion><extension>pom.md5</extension><value>1.1.0-20230425.175520-55</value><updated>20230425180108</updated></snapshotVersion></snapshotVersions></versioning></metadata>