<metadata modelVersion=""><groupId>com.solace.connector.core</groupId><artifactId>pubsubplus-connector-io-common</artifactId><version>1.1.0-SNAPSHOT</version><versioning><snapshot><timestamp>20230425.175520</timestamp><buildNumber>60</buildNumber></snapshot><lastUpdated>20230425175827</lastUpdated><snapshotVersions><snapshotVersion><extension>jar.md5</extension><classifier>javadoc</classifier><value>1.1.0-20230409.011112-52</value><updated>20230409011403</updated></snapshotVersion><snapshotVersion><extension>jar</extension><classifier>sources</classifier><value>1.1.0-20230409.011112-52</value><updated>20230409011404</updated></snapshotVersion><snapshotVersion><extension>jar.sha1</extension><classifier>sources</classifier><value>1.1.0-20230409.011112-52</value><updated>20230409011405</updated></snapshotVersion><snapshotVersion><extension>jar.md5</extension><classifier>sources</classifier><value>1.1.0-20230409.011112-52</value><updated>20230409011406</updated></snapshotVersion><snapshotVersion><extension>jar</extension><value>1.1.0-20230410.163452-53</value><updated>20230410163756</updated></snapshotVersion><snapshotVersion><extension>jar.sha1</extension><value>1.1.0-20230410.163452-53</value><updated>20230410163757</updated></snapshotVersion><snapshotVersion><extension>jar.md5</extension><value>1.1.0-20230410.163452-53</value><updated>20230410163758</updated></snapshotVersion><snapshotVersion><extension>pom</extension><value>1.1.0-20230410.163452-53</value><updated>20230410163800</updated></snapshotVersion><snapshotVersion><extension>pom.sha1</extension><value>1.1.0-20230410.163452-53</value><updated>20230410163801</updated></snapshotVersion><snapshotVersion><extension>pom.md5</extension><value>1.1.0-20230410.163452-53</value><updated>20230410163802</updated></snapshotVersion><snapshotVersion><extension>jar</extension><classifier>javadoc</classifier><value>1.1.0-20230410.163452-53</value><updated>20230410163804</updated></snapshotVersion><snapshotVersion><extension>jar.sha1</extension><classifier>javadoc</classifier><value>1.1.0-20230410.163452-53</value><updated>20230410163805</updated></snapshotVersion><snapshotVersion><extension>jar.md5</extension><classifier>javadoc</classifier><value>1.1.0-20230410.163452-53</value><updated>20230410163807</updated></snapshotVersion><snapshotVersion><extension>jar</extension><classifier>sources</classifier><value>1.1.0-20230410.163452-53</value><updated>20230410163808</updated></snapshotVersion><snapshotVersion><extension>jar.sha1</extension><classifier>sources</classifier><value>1.1.0-20230410.163452-53</value><updated>20230410163809</updated></snapshotVersion><snapshotVersion><extension>jar.md5</extension><classifier>sources</classifier><value>1.1.0-20230410.163452-53</value><updated>20230410163810</updated></snapshotVersion><snapshotVersion><extension>jar</extension><value>1.1.0-20230413.200813-54</value><updated>20230413201143</updated></snapshotVersion><snapshotVersion><extension>jar.sha1</extension><value>1.1.0-20230413.200813-54</value><updated>20230413201145</updated></snapshotVersion><snapshotVersion><extension>jar.md5</extension><value>1.1.0-20230413.200813-54</value><updated>20230413201146</updated></snapshotVersion><snapshotVersion><extension>pom</extension><value>1.1.0-20230413.200813-54</value><updated>20230413201147</updated></snapshotVersion><snapshotVersion><extension>pom.sha1</extension><value>1.1.0-20230413.200813-54</value><updated>20230413201149</updated></snapshotVersion><snapshotVersion><extension>pom.md5</extension><value>1.1.0-20230413.200813-54</value><updated>20230413201150</updated></snapshotVersion><snapshotVersion><extension>jar</extension><classifier>javadoc</classifier><value>1.1.0-20230413.200813-54</value><updated>20230413201152</updated></snapshotVersion><snapshotVersion><extension>jar.sha1</extension><classifier>javadoc</classifier><value>1.1.0-20230413.200813-54</value><updated>20230413201153</updated></snapshotVersion><snapshotVersion><extension>jar.md5</extension><classifier>javadoc</classifier><value>1.1.0-20230413.200813-54</value><updated>20230413201154</updated></snapshotVersion><snapshotVersion><extension>jar</extension><classifier>sources</classifier><value>1.1.0-20230413.200813-54</value><updated>20230413201156</updated></snapshotVersion><snapshotVersion><extension>jar.sha1</extension><classifier>sources</classifier><value>1.1.0-20230413.200813-54</value><updated>20230413201157</updated></snapshotVersion><snapshotVersion><extension>jar.md5</extension><classifier>sources</classifier><value>1.1.0-20230413.200813-54</value><updated>20230413201158</updated></snapshotVersion><snapshotVersion><extension>jar</extension><value>1.1.0-20230414.145330-55</value><updated>20230414145702</updated></snapshotVersion><snapshotVersion><extension>jar.sha1</extension><value>1.1.0-20230414.145330-55</value><updated>20230414145703</updated></snapshotVersion><snapshotVersion><extension>jar.md5</extension><value>1.1.0-20230414.145330-55</value><updated>20230414145705</updated></snapshotVersion><snapshotVersion><extension>pom</extension><value>1.1.0-20230414.145330-55</value><updated>20230414145706</updated></snapshotVersion><snapshotVersion><extension>pom.sha1</extension><value>1.1.0-20230414.145330-55</value><updated>20230414145707</updated></snapshotVersion><snapshotVersion><extension>pom.md5</extension><value>1.1.0-20230414.145330-55</value><updated>20230414145709</updated></snapshotVersion><snapshotVersion><extension>jar</extension><classifier>javadoc</classifier><value>1.1.0-20230414.145330-55</value><updated>20230414145711</updated></snapshotVersion><snapshotVersion><extension>jar.sha1</extension><classifier>javadoc</classifier><value>1.1.0-20230414.145330-55</value><updated>20230414145712</updated></snapshotVersion><snapshotVersion><extension>jar.md5</extension><classifier>javadoc</classifier><value>1.1.0-20230414.145330-55</value><updated>20230414145714</updated></snapshotVersion><snapshotVersion><extension>jar</extension><classifier>sources</classifier><value>1.1.0-20230414.145330-55</value><updated>20230414145715</updated></snapshotVersion><snapshotVersion><extension>jar.sha1</extension><classifier>sources</classifier><value>1.1.0-20230414.145330-55</value><updated>20230414145716</updated></snapshotVersion><snapshotVersion><extension>jar.md5</extension><classifier>sources</classifier><value>1.1.0-20230414.145330-55</value><updated>20230414145717</updated></snapshotVersion><snapshotVersion><extension>jar</extension><value>1.1.0-20230418.010725-56</value><updated>20230418011015</updated></snapshotVersion><snapshotVersion><extension>jar.sha1</extension><value>1.1.0-20230418.010725-56</value><updated>20230418011017</updated></snapshotVersion><snapshotVersion><extension>jar.md5</extension><value>1.1.0-20230418.010725-56</value><updated>20230418011018</updated></snapshotVersion><snapshotVersion><extension>pom</extension><value>1.1.0-20230418.010725-56</value><updated>20230418011019</updated></snapshotVersion><snapshotVersion><extension>pom.sha1</extension><value>1.1.0-20230418.010725-56</value><updated>20230418011020</updated></snapshotVersion><snapshotVersion><extension>pom.md5</extension><value>1.1.0-20230418.010725-56</value><updated>20230418011021</updated></snapshotVersion><snapshotVersion><extension>jar</extension><classifier>javadoc</classifier><value>1.1.0-20230418.010725-56</value><updated>20230418011023</updated></snapshotVersion><snapshotVersion><extension>jar.sha1</extension><classifier>javadoc</classifier><value>1.1.0-20230418.010725-56</value><updated>20230418011024</updated></snapshotVersion><snapshotVersion><extension>jar.md5</extension><classifier>javadoc</classifier><value>1.1.0-20230418.010725-56</value><updated>20230418011025</updated></snapshotVersion><snapshotVersion><extension>jar</extension><classifier>sources</classifier><value>1.1.0-20230418.010725-56</value><updated>20230418011026</updated></snapshotVersion><snapshotVersion><extension>jar.sha1</extension><classifier>sources</classifier><value>1.1.0-20230418.010725-56</value><updated>20230418011027</updated></snapshotVersion><snapshotVersion><extension>jar.md5</extension><classifier>sources</classifier><value>1.1.0-20230418.010725-56</value><updated>20230418011029</updated></snapshotVersion><snapshotVersion><extension>jar</extension><value>1.1.0-20230420.172907-57</value><updated>20230420173210</updated></snapshotVersion><snapshotVersion><extension>jar.sha1</extension><value>1.1.0-20230420.172907-57</value><updated>20230420173211</updated></snapshotVersion><snapshotVersion><extension>jar.md5</extension><value>1.1.0-20230420.172907-57</value><updated>20230420173213</updated></snapshotVersion><snapshotVersion><extension>pom</extension><value>1.1.0-20230420.172907-57</value><updated>20230420173214</updated></snapshotVersion><snapshotVersion><extension>pom.sha1</extension><value>1.1.0-20230420.172907-57</value><updated>20230420173215</updated></snapshotVersion><snapshotVersion><extension>pom.md5</extension><value>1.1.0-20230420.172907-57</value><updated>20230420173216</updated></snapshotVersion><snapshotVersion><extension>jar</extension><classifier>javadoc</classifier><value>1.1.0-20230420.172907-57</value><updated>20230420173219</updated></snapshotVersion><snapshotVersion><extension>jar.sha1</extension><classifier>javadoc</classifier><value>1.1.0-20230420.172907-57</value><updated>20230420173220</updated></snapshotVersion><snapshotVersion><extension>jar.md5</extension><classifier>javadoc</classifier><value>1.1.0-20230420.172907-57</value><updated>20230420173221</updated></snapshotVersion><snapshotVersion><extension>jar</extension><classifier>sources</classifier><value>1.1.0-20230420.172907-57</value><updated>20230420173222</updated></snapshotVersion><snapshotVersion><extension>jar.sha1</extension><classifier>sources</classifier><value>1.1.0-20230420.172907-57</value><updated>20230420173223</updated></snapshotVersion><snapshotVersion><extension>jar.md5</extension><classifier>sources</classifier><value>1.1.0-20230420.172907-57</value><updated>20230420173224</updated></snapshotVersion><snapshotVersion><extension>jar</extension><value>1.1.0-20230425.125656-58</value><updated>20230425130004</updated></snapshotVersion><snapshotVersion><extension>jar.sha1</extension><value>1.1.0-20230425.125656-58</value><updated>20230425130006</updated></snapshotVersion><snapshotVersion><extension>jar.md5</extension><value>1.1.0-20230425.125656-58</value><updated>20230425130007</updated></snapshotVersion><snapshotVersion><extension>pom</extension><value>1.1.0-20230425.125656-58</value><updated>20230425130009</updated></snapshotVersion><snapshotVersion><extension>pom.sha1</extension><value>1.1.0-20230425.125656-58</value><updated>20230425130010</updated></snapshotVersion><snapshotVersion><extension>pom.md5</extension><value>1.1.0-20230425.125656-58</value><updated>20230425130011</updated></snapshotVersion><snapshotVersion><extension>jar</extension><classifier>javadoc</classifier><value>1.1.0-20230425.125656-58</value><updated>20230425130013</updated></snapshotVersion><snapshotVersion><extension>jar.sha1</extension><classifier>javadoc</classifier><value>1.1.0-20230425.125656-58</value><updated>20230425130015</updated></snapshotVersion><snapshotVersion><extension>jar.md5</extension><classifier>javadoc</classifier><value>1.1.0-20230425.125656-58</value><updated>20230425130016</updated></snapshotVersion><snapshotVersion><extension>jar</extension><classifier>sources</classifier><value>1.1.0-20230425.125656-58</value><updated>20230425130017</updated></snapshotVersion><snapshotVersion><extension>jar.sha1</extension><classifier>sources</classifier><value>1.1.0-20230425.125656-58</value><updated>20230425130019</updated></snapshotVersion><snapshotVersion><extension>jar.md5</extension><classifier>sources</classifier><value>1.1.0-20230425.125656-58</value><updated>20230425130020</updated></snapshotVersion><snapshotVersion><extension>jar</extension><value>1.1.0-20230425.130358-59</value><updated>20230425130731</updated></snapshotVersion><snapshotVersion><extension>jar.sha1</extension><value>1.1.0-20230425.130358-59</value><updated>20230425130732</updated></snapshotVersion><snapshotVersion><extension>jar.md5</extension><value>1.1.0-20230425.130358-59</value><updated>20230425130733</updated></snapshotVersion><snapshotVersion><extension>pom</extension><value>1.1.0-20230425.130358-59</value><updated>20230425130735</updated></snapshotVersion><snapshotVersion><extension>pom.sha1</extension><value>1.1.0-20230425.130358-59</value><updated>20230425130736</updated></snapshotVersion><snapshotVersion><extension>pom.md5</extension><value>1.1.0-20230425.130358-59</value><updated>20230425130737</updated></snapshotVersion><snapshotVersion><extension>jar</extension><classifier>javadoc</classifier><value>1.1.0-20230425.130358-59</value><updated>20230425130740</updated></snapshotVersion><snapshotVersion><extension>jar.sha1</extension><classifier>javadoc</classifier><value>1.1.0-20230425.130358-59</value><updated>20230425130741</updated></snapshotVersion><snapshotVersion><extension>jar.md5</extension><classifier>javadoc</classifier><value>1.1.0-20230425.130358-59</value><updated>20230425130742</updated></snapshotVersion><snapshotVersion><extension>jar</extension><classifier>sources</classifier><value>1.1.0-20230425.130358-59</value><updated>20230425130744</updated></snapshotVersion><snapshotVersion><extension>jar.sha1</extension><classifier>sources</classifier><value>1.1.0-20230425.130358-59</value><updated>20230425130745</updated></snapshotVersion><snapshotVersion><extension>jar.md5</extension><classifier>sources</classifier><value>1.1.0-20230425.130358-59</value><updated>20230425130746</updated></snapshotVersion><snapshotVersion><extension>jar</extension><value>1.1.0-20230425.175520-60</value><updated>20230425175813</updated></snapshotVersion><snapshotVersion><extension>jar.sha1</extension><value>1.1.0-20230425.175520-60</value><updated>20230425175814</updated></snapshotVersion><snapshotVersion><extension>jar.md5</extension><value>1.1.0-20230425.175520-60</value><updated>20230425175815</updated></snapshotVersion><snapshotVersion><extension>pom</extension><value>1.1.0-20230425.175520-60</value><updated>20230425175816</updated></snapshotVersion><snapshotVersion><extension>pom.sha1</extension><value>1.1.0-20230425.175520-60</value><updated>20230425175817</updated></snapshotVersion><snapshotVersion><extension>pom.md5</extension><value>1.1.0-20230425.175520-60</value><updated>20230425175819</updated></snapshotVersion><snapshotVersion><extension>jar</extension><classifier>javadoc</classifier><value>1.1.0-20230425.175520-60</value><updated>20230425175820</updated></snapshotVersion><snapshotVersion><extension>jar.sha1</extension><classifier>javadoc</classifier><value>1.1.0-20230425.175520-60</value><updated>20230425175822</updated></snapshotVersion><snapshotVersion><extension>jar.md5</extension><classifier>javadoc</classifier><value>1.1.0-20230425.175520-60</value><updated>20230425175823</updated></snapshotVersion><snapshotVersion><extension>jar</extension><classifier>sources</classifier><value>1.1.0-20230425.175520-60</value><updated>20230425175824</updated></snapshotVersion><snapshotVersion><extension>jar.sha1</extension><classifier>sources</classifier><value>1.1.0-20230425.175520-60</value><updated>20230425175825</updated></snapshotVersion><snapshotVersion><extension>jar.md5</extension><classifier>sources</classifier><value>1.1.0-20230425.175520-60</value><updated>20230425175827</updated></snapshotVersion></snapshotVersions></versioning></metadata>