<metadata modelVersion=""><groupId>com.solace.spring.cloud.stream.binders</groupId><artifactId>spring-cloud-stream-binder-db</artifactId><version>1.0.0-SNAPSHOT</version><versioning><snapshot><timestamp>20230505.094415</timestamp><buildNumber>2</buildNumber></snapshot><lastUpdated>20230505094453</lastUpdated><snapshotVersions><snapshotVersion><extension>jar</extension><value>1.0.0-20230428.094808-1</value><updated>20230428094812</updated></snapshotVersion><snapshotVersion><extension>jar.sha1</extension><value>1.0.0-20230428.094808-1</value><updated>20230428094813</updated></snapshotVersion><snapshotVersion><extension>jar.md5</extension><value>1.0.0-20230428.094808-1</value><updated>20230428094815</updated></snapshotVersion><snapshotVersion><extension>pom</extension><value>1.0.0-20230428.094808-1</value><updated>20230428094816</updated></snapshotVersion><snapshotVersion><extension>pom.sha1</extension><value>1.0.0-20230428.094808-1</value><updated>20230428094818</updated></snapshotVersion><snapshotVersion><extension>pom.md5</extension><value>1.0.0-20230428.094808-1</value><updated>20230428094819</updated></snapshotVersion><snapshotVersion><extension>jar</extension><value>1.0.0-20230505.094415-2</value><updated>20230505094444</updated></snapshotVersion><snapshotVersion><extension>jar.sha1</extension><value>1.0.0-20230505.094415-2</value><updated>20230505094446</updated></snapshotVersion><snapshotVersion><extension>jar.md5</extension><value>1.0.0-20230505.094415-2</value><updated>20230505094448</updated></snapshotVersion><snapshotVersion><extension>pom</extension><value>1.0.0-20230505.094415-2</value><updated>20230505094449</updated></snapshotVersion><snapshotVersion><extension>pom.sha1</extension><value>1.0.0-20230505.094415-2</value><updated>20230505094451</updated></snapshotVersion><snapshotVersion><extension>pom.md5</extension><value>1.0.0-20230505.094415-2</value><updated>20230505094453</updated></snapshotVersion></snapshotVersions></versioning></metadata>