<?xml version="1.0" encoding="UTF-8"?>
<metadata modelVersion="1.1.0">
  <groupId>com.solace.spring.cloud.stream.binders</groupId>
  <artifactId>spring-cloud-stream-binder-db</artifactId>
  <versioning>
    <lastUpdated>20230530131616</lastUpdated>
    <snapshot>
      <localCopy>true</localCopy>
    </snapshot>
    <snapshotVersions>
      <snapshotVersion>
        <extension>pom</extension>
        <value>1.0.0-SNAPSHOT</value>
        <updated>20230530131616</updated>
      </snapshotVersion>
      <snapshotVersion>
        <extension>jar</extension>
        <value>1.0.0-SNAPSHOT</value>
        <updated>20230530131616</updated>
      </snapshotVersion>
      <snapshotVersion>
        <classifier>javadoc</classifier>
        <extension>jar</extension>
        <value>1.0.0-SNAPSHOT</value>
        <updated>20230530131616</updated>
      </snapshotVersion>
      <snapshotVersion>
        <classifier>sources</classifier>
        <extension>jar</extension>
        <value>1.0.0-SNAPSHOT</value>
        <updated>20230530131616</updated>
      </snapshotVersion>
    </snapshotVersions>
  </versioning>
  <version>1.0.0-SNAPSHOT</version>
</metadata>
