<metadata modelVersion=""><groupId>com.solace.connector.core.resource</groupId><artifactId>pubsubplus-connector-docker-compose-resource-bundle</artifactId><version>1.1.0-SNAPSHOT</version><versioning><snapshot><timestamp>20230425.175520</timestamp><buildNumber>23</buildNumber></snapshot><lastUpdated>20230425175718</lastUpdated><snapshotVersions><snapshotVersion><extension>jar.md5</extension><classifier>javadoc</classifier><value>1.1.0-20230409.011112-15</value><updated>20230409011258</updated></snapshotVersion><snapshotVersion><extension>jar</extension><classifier>sources</classifier><value>1.1.0-20230409.011112-15</value><updated>20230409011259</updated></snapshotVersion><snapshotVersion><extension>jar.sha1</extension><classifier>sources</classifier><value>1.1.0-20230409.011112-15</value><updated>20230409011300</updated></snapshotVersion><snapshotVersion><extension>jar.md5</extension><classifier>sources</classifier><value>1.1.0-20230409.011112-15</value><updated>20230409011302</updated></snapshotVersion><snapshotVersion><extension>jar</extension><value>1.1.0-20230410.163452-16</value><updated>20230410163645</updated></snapshotVersion><snapshotVersion><extension>jar.sha1</extension><value>1.1.0-20230410.163452-16</value><updated>20230410163646</updated></snapshotVersion><snapshotVersion><extension>jar.md5</extension><value>1.1.0-20230410.163452-16</value><updated>20230410163648</updated></snapshotVersion><snapshotVersion><extension>pom</extension><value>1.1.0-20230410.163452-16</value><updated>20230410163649</updated></snapshotVersion><snapshotVersion><extension>pom.sha1</extension><value>1.1.0-20230410.163452-16</value><updated>20230410163650</updated></snapshotVersion><snapshotVersion><extension>pom.md5</extension><value>1.1.0-20230410.163452-16</value><updated>20230410163651</updated></snapshotVersion><snapshotVersion><extension>jar</extension><classifier>javadoc</classifier><value>1.1.0-20230410.163452-16</value><updated>20230410163653</updated></snapshotVersion><snapshotVersion><extension>jar.sha1</extension><classifier>javadoc</classifier><value>1.1.0-20230410.163452-16</value><updated>20230410163654</updated></snapshotVersion><snapshotVersion><extension>jar.md5</extension><classifier>javadoc</classifier><value>1.1.0-20230410.163452-16</value><updated>20230410163655</updated></snapshotVersion><snapshotVersion><extension>jar</extension><classifier>sources</classifier><value>1.1.0-20230410.163452-16</value><updated>20230410163657</updated></snapshotVersion><snapshotVersion><extension>jar.sha1</extension><classifier>sources</classifier><value>1.1.0-20230410.163452-16</value><updated>20230410163658</updated></snapshotVersion><snapshotVersion><extension>jar.md5</extension><classifier>sources</classifier><value>1.1.0-20230410.163452-16</value><updated>20230410163659</updated></snapshotVersion><snapshotVersion><extension>jar</extension><value>1.1.0-20230413.200813-17</value><updated>20230413201025</updated></snapshotVersion><snapshotVersion><extension>jar.sha1</extension><value>1.1.0-20230413.200813-17</value><updated>20230413201026</updated></snapshotVersion><snapshotVersion><extension>jar.md5</extension><value>1.1.0-20230413.200813-17</value><updated>20230413201027</updated></snapshotVersion><snapshotVersion><extension>pom</extension><value>1.1.0-20230413.200813-17</value><updated>20230413201028</updated></snapshotVersion><snapshotVersion><extension>pom.sha1</extension><value>1.1.0-20230413.200813-17</value><updated>20230413201030</updated></snapshotVersion><snapshotVersion><extension>pom.md5</extension><value>1.1.0-20230413.200813-17</value><updated>20230413201031</updated></snapshotVersion><snapshotVersion><extension>jar</extension><classifier>javadoc</classifier><value>1.1.0-20230413.200813-17</value><updated>20230413201033</updated></snapshotVersion><snapshotVersion><extension>jar.sha1</extension><classifier>javadoc</classifier><value>1.1.0-20230413.200813-17</value><updated>20230413201034</updated></snapshotVersion><snapshotVersion><extension>jar.md5</extension><classifier>javadoc</classifier><value>1.1.0-20230413.200813-17</value><updated>20230413201035</updated></snapshotVersion><snapshotVersion><extension>jar</extension><classifier>sources</classifier><value>1.1.0-20230413.200813-17</value><updated>20230413201037</updated></snapshotVersion><snapshotVersion><extension>jar.sha1</extension><classifier>sources</classifier><value>1.1.0-20230413.200813-17</value><updated>20230413201038</updated></snapshotVersion><snapshotVersion><extension>jar.md5</extension><classifier>sources</classifier><value>1.1.0-20230413.200813-17</value><updated>20230413201039</updated></snapshotVersion><snapshotVersion><extension>jar</extension><value>1.1.0-20230414.145330-18</value><updated>20230414145541</updated></snapshotVersion><snapshotVersion><extension>jar.sha1</extension><value>1.1.0-20230414.145330-18</value><updated>20230414145542</updated></snapshotVersion><snapshotVersion><extension>jar.md5</extension><value>1.1.0-20230414.145330-18</value><updated>20230414145544</updated></snapshotVersion><snapshotVersion><extension>pom</extension><value>1.1.0-20230414.145330-18</value><updated>20230414145545</updated></snapshotVersion><snapshotVersion><extension>pom.sha1</extension><value>1.1.0-20230414.145330-18</value><updated>20230414145546</updated></snapshotVersion><snapshotVersion><extension>pom.md5</extension><value>1.1.0-20230414.145330-18</value><updated>20230414145547</updated></snapshotVersion><snapshotVersion><extension>jar</extension><classifier>javadoc</classifier><value>1.1.0-20230414.145330-18</value><updated>20230414145549</updated></snapshotVersion><snapshotVersion><extension>jar.sha1</extension><classifier>javadoc</classifier><value>1.1.0-20230414.145330-18</value><updated>20230414145551</updated></snapshotVersion><snapshotVersion><extension>jar.md5</extension><classifier>javadoc</classifier><value>1.1.0-20230414.145330-18</value><updated>20230414145552</updated></snapshotVersion><snapshotVersion><extension>jar</extension><classifier>sources</classifier><value>1.1.0-20230414.145330-18</value><updated>20230414145553</updated></snapshotVersion><snapshotVersion><extension>jar.sha1</extension><classifier>sources</classifier><value>1.1.0-20230414.145330-18</value><updated>20230414145555</updated></snapshotVersion><snapshotVersion><extension>jar.md5</extension><classifier>sources</classifier><value>1.1.0-20230414.145330-18</value><updated>20230414145556</updated></snapshotVersion><snapshotVersion><extension>jar</extension><value>1.1.0-20230418.010725-19</value><updated>20230418010908</updated></snapshotVersion><snapshotVersion><extension>jar.sha1</extension><value>1.1.0-20230418.010725-19</value><updated>20230418010909</updated></snapshotVersion><snapshotVersion><extension>jar.md5</extension><value>1.1.0-20230418.010725-19</value><updated>20230418010911</updated></snapshotVersion><snapshotVersion><extension>pom</extension><value>1.1.0-20230418.010725-19</value><updated>20230418010912</updated></snapshotVersion><snapshotVersion><extension>pom.sha1</extension><value>1.1.0-20230418.010725-19</value><updated>20230418010913</updated></snapshotVersion><snapshotVersion><extension>pom.md5</extension><value>1.1.0-20230418.010725-19</value><updated>20230418010914</updated></snapshotVersion><snapshotVersion><extension>jar</extension><classifier>javadoc</classifier><value>1.1.0-20230418.010725-19</value><updated>20230418010915</updated></snapshotVersion><snapshotVersion><extension>jar.sha1</extension><classifier>javadoc</classifier><value>1.1.0-20230418.010725-19</value><updated>20230418010916</updated></snapshotVersion><snapshotVersion><extension>jar.md5</extension><classifier>javadoc</classifier><value>1.1.0-20230418.010725-19</value><updated>20230418010917</updated></snapshotVersion><snapshotVersion><extension>jar</extension><classifier>sources</classifier><value>1.1.0-20230418.010725-19</value><updated>20230418010918</updated></snapshotVersion><snapshotVersion><extension>jar.sha1</extension><classifier>sources</classifier><value>1.1.0-20230418.010725-19</value><updated>20230418010919</updated></snapshotVersion><snapshotVersion><extension>jar.md5</extension><classifier>sources</classifier><value>1.1.0-20230418.010725-19</value><updated>20230418010921</updated></snapshotVersion><snapshotVersion><extension>jar</extension><value>1.1.0-20230420.172907-20</value><updated>20230420173100</updated></snapshotVersion><snapshotVersion><extension>jar.sha1</extension><value>1.1.0-20230420.172907-20</value><updated>20230420173101</updated></snapshotVersion><snapshotVersion><extension>jar.md5</extension><value>1.1.0-20230420.172907-20</value><updated>20230420173102</updated></snapshotVersion><snapshotVersion><extension>pom</extension><value>1.1.0-20230420.172907-20</value><updated>20230420173104</updated></snapshotVersion><snapshotVersion><extension>pom.sha1</extension><value>1.1.0-20230420.172907-20</value><updated>20230420173105</updated></snapshotVersion><snapshotVersion><extension>pom.md5</extension><value>1.1.0-20230420.172907-20</value><updated>20230420173106</updated></snapshotVersion><snapshotVersion><extension>jar</extension><classifier>javadoc</classifier><value>1.1.0-20230420.172907-20</value><updated>20230420173108</updated></snapshotVersion><snapshotVersion><extension>jar.sha1</extension><classifier>javadoc</classifier><value>1.1.0-20230420.172907-20</value><updated>20230420173109</updated></snapshotVersion><snapshotVersion><extension>jar.md5</extension><classifier>javadoc</classifier><value>1.1.0-20230420.172907-20</value><updated>20230420173110</updated></snapshotVersion><snapshotVersion><extension>jar</extension><classifier>sources</classifier><value>1.1.0-20230420.172907-20</value><updated>20230420173111</updated></snapshotVersion><snapshotVersion><extension>jar.sha1</extension><classifier>sources</classifier><value>1.1.0-20230420.172907-20</value><updated>20230420173112</updated></snapshotVersion><snapshotVersion><extension>jar.md5</extension><classifier>sources</classifier><value>1.1.0-20230420.172907-20</value><updated>20230420173113</updated></snapshotVersion><snapshotVersion><extension>jar</extension><value>1.1.0-20230425.125656-21</value><updated>20230425125852</updated></snapshotVersion><snapshotVersion><extension>jar.sha1</extension><value>1.1.0-20230425.125656-21</value><updated>20230425125853</updated></snapshotVersion><snapshotVersion><extension>jar.md5</extension><value>1.1.0-20230425.125656-21</value><updated>20230425125854</updated></snapshotVersion><snapshotVersion><extension>pom</extension><value>1.1.0-20230425.125656-21</value><updated>20230425125855</updated></snapshotVersion><snapshotVersion><extension>pom.sha1</extension><value>1.1.0-20230425.125656-21</value><updated>20230425125856</updated></snapshotVersion><snapshotVersion><extension>pom.md5</extension><value>1.1.0-20230425.125656-21</value><updated>20230425125857</updated></snapshotVersion><snapshotVersion><extension>jar</extension><classifier>javadoc</classifier><value>1.1.0-20230425.125656-21</value><updated>20230425125859</updated></snapshotVersion><snapshotVersion><extension>jar.sha1</extension><classifier>javadoc</classifier><value>1.1.0-20230425.125656-21</value><updated>20230425125900</updated></snapshotVersion><snapshotVersion><extension>jar.md5</extension><classifier>javadoc</classifier><value>1.1.0-20230425.125656-21</value><updated>20230425125901</updated></snapshotVersion><snapshotVersion><extension>jar</extension><classifier>sources</classifier><value>1.1.0-20230425.125656-21</value><updated>20230425125902</updated></snapshotVersion><snapshotVersion><extension>jar.sha1</extension><classifier>sources</classifier><value>1.1.0-20230425.125656-21</value><updated>20230425125904</updated></snapshotVersion><snapshotVersion><extension>jar.md5</extension><classifier>sources</classifier><value>1.1.0-20230425.125656-21</value><updated>20230425125905</updated></snapshotVersion><snapshotVersion><extension>jar</extension><value>1.1.0-20230425.130358-22</value><updated>20230425130609</updated></snapshotVersion><snapshotVersion><extension>jar.sha1</extension><value>1.1.0-20230425.130358-22</value><updated>20230425130610</updated></snapshotVersion><snapshotVersion><extension>jar.md5</extension><value>1.1.0-20230425.130358-22</value><updated>20230425130611</updated></snapshotVersion><snapshotVersion><extension>pom</extension><value>1.1.0-20230425.130358-22</value><updated>20230425130613</updated></snapshotVersion><snapshotVersion><extension>pom.sha1</extension><value>1.1.0-20230425.130358-22</value><updated>20230425130614</updated></snapshotVersion><snapshotVersion><extension>pom.md5</extension><value>1.1.0-20230425.130358-22</value><updated>20230425130615</updated></snapshotVersion><snapshotVersion><extension>jar</extension><classifier>javadoc</classifier><value>1.1.0-20230425.130358-22</value><updated>20230425130618</updated></snapshotVersion><snapshotVersion><extension>jar.sha1</extension><classifier>javadoc</classifier><value>1.1.0-20230425.130358-22</value><updated>20230425130619</updated></snapshotVersion><snapshotVersion><extension>jar.md5</extension><classifier>javadoc</classifier><value>1.1.0-20230425.130358-22</value><updated>20230425130620</updated></snapshotVersion><snapshotVersion><extension>jar</extension><classifier>sources</classifier><value>1.1.0-20230425.130358-22</value><updated>20230425130622</updated></snapshotVersion><snapshotVersion><extension>jar.sha1</extension><classifier>sources</classifier><value>1.1.0-20230425.130358-22</value><updated>20230425130623</updated></snapshotVersion><snapshotVersion><extension>jar.md5</extension><classifier>sources</classifier><value>1.1.0-20230425.130358-22</value><updated>20230425130624</updated></snapshotVersion><snapshotVersion><extension>jar</extension><value>1.1.0-20230425.175520-23</value><updated>20230425175705</updated></snapshotVersion><snapshotVersion><extension>jar.sha1</extension><value>1.1.0-20230425.175520-23</value><updated>20230425175706</updated></snapshotVersion><snapshotVersion><extension>jar.md5</extension><value>1.1.0-20230425.175520-23</value><updated>20230425175707</updated></snapshotVersion><snapshotVersion><extension>pom</extension><value>1.1.0-20230425.175520-23</value><updated>20230425175708</updated></snapshotVersion><snapshotVersion><extension>pom.sha1</extension><value>1.1.0-20230425.175520-23</value><updated>20230425175710</updated></snapshotVersion><snapshotVersion><extension>pom.md5</extension><value>1.1.0-20230425.175520-23</value><updated>20230425175711</updated></snapshotVersion><snapshotVersion><extension>jar</extension><classifier>javadoc</classifier><value>1.1.0-20230425.175520-23</value><updated>20230425175712</updated></snapshotVersion><snapshotVersion><extension>jar.sha1</extension><classifier>javadoc</classifier><value>1.1.0-20230425.175520-23</value><updated>20230425175713</updated></snapshotVersion><snapshotVersion><extension>jar.md5</extension><classifier>javadoc</classifier><value>1.1.0-20230425.175520-23</value><updated>20230425175714</updated></snapshotVersion><snapshotVersion><extension>jar</extension><classifier>sources</classifier><value>1.1.0-20230425.175520-23</value><updated>20230425175716</updated></snapshotVersion><snapshotVersion><extension>jar.sha1</extension><classifier>sources</classifier><value>1.1.0-20230425.175520-23</value><updated>20230425175717</updated></snapshotVersion><snapshotVersion><extension>jar.md5</extension><classifier>sources</classifier><value>1.1.0-20230425.175520-23</value><updated>20230425175718</updated></snapshotVersion></snapshotVersions></versioning></metadata>