<metadata modelVersion=""><groupId>com.solace.connector.core.resource</groupId><artifactId>pubsubplus-connector-script-artifacts-resource-bundle</artifactId><version>1.1.0-SNAPSHOT</version><versioning><snapshot><timestamp>20230425.175520</timestamp><buildNumber>23</buildNumber></snapshot><lastUpdated>20230425175732</lastUpdated><snapshotVersions><snapshotVersion><extension>jar.md5</extension><classifier>javadoc</classifier><value>1.1.0-20230409.011112-15</value><updated>20230409011312</updated></snapshotVersion><snapshotVersion><extension>jar</extension><classifier>sources</classifier><value>1.1.0-20230409.011112-15</value><updated>20230409011313</updated></snapshotVersion><snapshotVersion><extension>jar.sha1</extension><classifier>sources</classifier><value>1.1.0-20230409.011112-15</value><updated>20230409011314</updated></snapshotVersion><snapshotVersion><extension>jar.md5</extension><classifier>sources</classifier><value>1.1.0-20230409.011112-15</value><updated>20230409011315</updated></snapshotVersion><snapshotVersion><extension>jar</extension><value>1.1.0-20230410.163452-16</value><updated>20230410163701</updated></snapshotVersion><snapshotVersion><extension>jar.sha1</extension><value>1.1.0-20230410.163452-16</value><updated>20230410163702</updated></snapshotVersion><snapshotVersion><extension>jar.md5</extension><value>1.1.0-20230410.163452-16</value><updated>20230410163703</updated></snapshotVersion><snapshotVersion><extension>pom</extension><value>1.1.0-20230410.163452-16</value><updated>20230410163705</updated></snapshotVersion><snapshotVersion><extension>pom.sha1</extension><value>1.1.0-20230410.163452-16</value><updated>20230410163706</updated></snapshotVersion><snapshotVersion><extension>pom.md5</extension><value>1.1.0-20230410.163452-16</value><updated>20230410163707</updated></snapshotVersion><snapshotVersion><extension>jar</extension><classifier>javadoc</classifier><value>1.1.0-20230410.163452-16</value><updated>20230410163708</updated></snapshotVersion><snapshotVersion><extension>jar.sha1</extension><classifier>javadoc</classifier><value>1.1.0-20230410.163452-16</value><updated>20230410163709</updated></snapshotVersion><snapshotVersion><extension>jar.md5</extension><classifier>javadoc</classifier><value>1.1.0-20230410.163452-16</value><updated>20230410163711</updated></snapshotVersion><snapshotVersion><extension>jar</extension><classifier>sources</classifier><value>1.1.0-20230410.163452-16</value><updated>20230410163712</updated></snapshotVersion><snapshotVersion><extension>jar.sha1</extension><classifier>sources</classifier><value>1.1.0-20230410.163452-16</value><updated>20230410163713</updated></snapshotVersion><snapshotVersion><extension>jar.md5</extension><classifier>sources</classifier><value>1.1.0-20230410.163452-16</value><updated>20230410163714</updated></snapshotVersion><snapshotVersion><extension>jar</extension><value>1.1.0-20230413.200813-17</value><updated>20230413201041</updated></snapshotVersion><snapshotVersion><extension>jar.sha1</extension><value>1.1.0-20230413.200813-17</value><updated>20230413201042</updated></snapshotVersion><snapshotVersion><extension>jar.md5</extension><value>1.1.0-20230413.200813-17</value><updated>20230413201044</updated></snapshotVersion><snapshotVersion><extension>pom</extension><value>1.1.0-20230413.200813-17</value><updated>20230413201045</updated></snapshotVersion><snapshotVersion><extension>pom.sha1</extension><value>1.1.0-20230413.200813-17</value><updated>20230413201046</updated></snapshotVersion><snapshotVersion><extension>pom.md5</extension><value>1.1.0-20230413.200813-17</value><updated>20230413201047</updated></snapshotVersion><snapshotVersion><extension>jar</extension><classifier>javadoc</classifier><value>1.1.0-20230413.200813-17</value><updated>20230413201049</updated></snapshotVersion><snapshotVersion><extension>jar.sha1</extension><classifier>javadoc</classifier><value>1.1.0-20230413.200813-17</value><updated>20230413201051</updated></snapshotVersion><snapshotVersion><extension>jar.md5</extension><classifier>javadoc</classifier><value>1.1.0-20230413.200813-17</value><updated>20230413201052</updated></snapshotVersion><snapshotVersion><extension>jar</extension><classifier>sources</classifier><value>1.1.0-20230413.200813-17</value><updated>20230413201054</updated></snapshotVersion><snapshotVersion><extension>jar.sha1</extension><classifier>sources</classifier><value>1.1.0-20230413.200813-17</value><updated>20230413201055</updated></snapshotVersion><snapshotVersion><extension>jar.md5</extension><classifier>sources</classifier><value>1.1.0-20230413.200813-17</value><updated>20230413201056</updated></snapshotVersion><snapshotVersion><extension>jar</extension><value>1.1.0-20230414.145330-18</value><updated>20230414145558</updated></snapshotVersion><snapshotVersion><extension>jar.sha1</extension><value>1.1.0-20230414.145330-18</value><updated>20230414145600</updated></snapshotVersion><snapshotVersion><extension>jar.md5</extension><value>1.1.0-20230414.145330-18</value><updated>20230414145601</updated></snapshotVersion><snapshotVersion><extension>pom</extension><value>1.1.0-20230414.145330-18</value><updated>20230414145602</updated></snapshotVersion><snapshotVersion><extension>pom.sha1</extension><value>1.1.0-20230414.145330-18</value><updated>20230414145604</updated></snapshotVersion><snapshotVersion><extension>pom.md5</extension><value>1.1.0-20230414.145330-18</value><updated>20230414145605</updated></snapshotVersion><snapshotVersion><extension>jar</extension><classifier>javadoc</classifier><value>1.1.0-20230414.145330-18</value><updated>20230414145607</updated></snapshotVersion><snapshotVersion><extension>jar.sha1</extension><classifier>javadoc</classifier><value>1.1.0-20230414.145330-18</value><updated>20230414145608</updated></snapshotVersion><snapshotVersion><extension>jar.md5</extension><classifier>javadoc</classifier><value>1.1.0-20230414.145330-18</value><updated>20230414145610</updated></snapshotVersion><snapshotVersion><extension>jar</extension><classifier>sources</classifier><value>1.1.0-20230414.145330-18</value><updated>20230414145611</updated></snapshotVersion><snapshotVersion><extension>jar.sha1</extension><classifier>sources</classifier><value>1.1.0-20230414.145330-18</value><updated>20230414145613</updated></snapshotVersion><snapshotVersion><extension>jar.md5</extension><classifier>sources</classifier><value>1.1.0-20230414.145330-18</value><updated>20230414145614</updated></snapshotVersion><snapshotVersion><extension>jar</extension><value>1.1.0-20230418.010725-19</value><updated>20230418010922</updated></snapshotVersion><snapshotVersion><extension>jar.sha1</extension><value>1.1.0-20230418.010725-19</value><updated>20230418010924</updated></snapshotVersion><snapshotVersion><extension>jar.md5</extension><value>1.1.0-20230418.010725-19</value><updated>20230418010925</updated></snapshotVersion><snapshotVersion><extension>pom</extension><value>1.1.0-20230418.010725-19</value><updated>20230418010926</updated></snapshotVersion><snapshotVersion><extension>pom.sha1</extension><value>1.1.0-20230418.010725-19</value><updated>20230418010927</updated></snapshotVersion><snapshotVersion><extension>pom.md5</extension><value>1.1.0-20230418.010725-19</value><updated>20230418010928</updated></snapshotVersion><snapshotVersion><extension>jar</extension><classifier>javadoc</classifier><value>1.1.0-20230418.010725-19</value><updated>20230418010930</updated></snapshotVersion><snapshotVersion><extension>jar.sha1</extension><classifier>javadoc</classifier><value>1.1.0-20230418.010725-19</value><updated>20230418010931</updated></snapshotVersion><snapshotVersion><extension>jar.md5</extension><classifier>javadoc</classifier><value>1.1.0-20230418.010725-19</value><updated>20230418010932</updated></snapshotVersion><snapshotVersion><extension>jar</extension><classifier>sources</classifier><value>1.1.0-20230418.010725-19</value><updated>20230418010933</updated></snapshotVersion><snapshotVersion><extension>jar.sha1</extension><classifier>sources</classifier><value>1.1.0-20230418.010725-19</value><updated>20230418010934</updated></snapshotVersion><snapshotVersion><extension>jar.md5</extension><classifier>sources</classifier><value>1.1.0-20230418.010725-19</value><updated>20230418010936</updated></snapshotVersion><snapshotVersion><extension>jar</extension><value>1.1.0-20230420.172907-20</value><updated>20230420173115</updated></snapshotVersion><snapshotVersion><extension>jar.sha1</extension><value>1.1.0-20230420.172907-20</value><updated>20230420173117</updated></snapshotVersion><snapshotVersion><extension>jar.md5</extension><value>1.1.0-20230420.172907-20</value><updated>20230420173118</updated></snapshotVersion><snapshotVersion><extension>pom</extension><value>1.1.0-20230420.172907-20</value><updated>20230420173119</updated></snapshotVersion><snapshotVersion><extension>pom.sha1</extension><value>1.1.0-20230420.172907-20</value><updated>20230420173120</updated></snapshotVersion><snapshotVersion><extension>pom.md5</extension><value>1.1.0-20230420.172907-20</value><updated>20230420173121</updated></snapshotVersion><snapshotVersion><extension>jar</extension><classifier>javadoc</classifier><value>1.1.0-20230420.172907-20</value><updated>20230420173123</updated></snapshotVersion><snapshotVersion><extension>jar.sha1</extension><classifier>javadoc</classifier><value>1.1.0-20230420.172907-20</value><updated>20230420173124</updated></snapshotVersion><snapshotVersion><extension>jar.md5</extension><classifier>javadoc</classifier><value>1.1.0-20230420.172907-20</value><updated>20230420173125</updated></snapshotVersion><snapshotVersion><extension>jar</extension><classifier>sources</classifier><value>1.1.0-20230420.172907-20</value><updated>20230420173126</updated></snapshotVersion><snapshotVersion><extension>jar.sha1</extension><classifier>sources</classifier><value>1.1.0-20230420.172907-20</value><updated>20230420173127</updated></snapshotVersion><snapshotVersion><extension>jar.md5</extension><classifier>sources</classifier><value>1.1.0-20230420.172907-20</value><updated>20230420173128</updated></snapshotVersion><snapshotVersion><extension>jar</extension><value>1.1.0-20230425.125656-21</value><updated>20230425125907</updated></snapshotVersion><snapshotVersion><extension>jar.sha1</extension><value>1.1.0-20230425.125656-21</value><updated>20230425125908</updated></snapshotVersion><snapshotVersion><extension>jar.md5</extension><value>1.1.0-20230425.125656-21</value><updated>20230425125909</updated></snapshotVersion><snapshotVersion><extension>pom</extension><value>1.1.0-20230425.125656-21</value><updated>20230425125910</updated></snapshotVersion><snapshotVersion><extension>pom.sha1</extension><value>1.1.0-20230425.125656-21</value><updated>20230425125912</updated></snapshotVersion><snapshotVersion><extension>pom.md5</extension><value>1.1.0-20230425.125656-21</value><updated>20230425125913</updated></snapshotVersion><snapshotVersion><extension>jar</extension><classifier>javadoc</classifier><value>1.1.0-20230425.125656-21</value><updated>20230425125914</updated></snapshotVersion><snapshotVersion><extension>jar.sha1</extension><classifier>javadoc</classifier><value>1.1.0-20230425.125656-21</value><updated>20230425125916</updated></snapshotVersion><snapshotVersion><extension>jar.md5</extension><classifier>javadoc</classifier><value>1.1.0-20230425.125656-21</value><updated>20230425125917</updated></snapshotVersion><snapshotVersion><extension>jar</extension><classifier>sources</classifier><value>1.1.0-20230425.125656-21</value><updated>20230425125918</updated></snapshotVersion><snapshotVersion><extension>jar.sha1</extension><classifier>sources</classifier><value>1.1.0-20230425.125656-21</value><updated>20230425125919</updated></snapshotVersion><snapshotVersion><extension>jar.md5</extension><classifier>sources</classifier><value>1.1.0-20230425.125656-21</value><updated>20230425125921</updated></snapshotVersion><snapshotVersion><extension>jar</extension><value>1.1.0-20230425.130358-22</value><updated>20230425130626</updated></snapshotVersion><snapshotVersion><extension>jar.sha1</extension><value>1.1.0-20230425.130358-22</value><updated>20230425130627</updated></snapshotVersion><snapshotVersion><extension>jar.md5</extension><value>1.1.0-20230425.130358-22</value><updated>20230425130629</updated></snapshotVersion><snapshotVersion><extension>pom</extension><value>1.1.0-20230425.130358-22</value><updated>20230425130630</updated></snapshotVersion><snapshotVersion><extension>pom.sha1</extension><value>1.1.0-20230425.130358-22</value><updated>20230425130631</updated></snapshotVersion><snapshotVersion><extension>pom.md5</extension><value>1.1.0-20230425.130358-22</value><updated>20230425130632</updated></snapshotVersion><snapshotVersion><extension>jar</extension><classifier>javadoc</classifier><value>1.1.0-20230425.130358-22</value><updated>20230425130635</updated></snapshotVersion><snapshotVersion><extension>jar.sha1</extension><classifier>javadoc</classifier><value>1.1.0-20230425.130358-22</value><updated>20230425130636</updated></snapshotVersion><snapshotVersion><extension>jar.md5</extension><classifier>javadoc</classifier><value>1.1.0-20230425.130358-22</value><updated>20230425130638</updated></snapshotVersion><snapshotVersion><extension>jar</extension><classifier>sources</classifier><value>1.1.0-20230425.130358-22</value><updated>20230425130639</updated></snapshotVersion><snapshotVersion><extension>jar.sha1</extension><classifier>sources</classifier><value>1.1.0-20230425.130358-22</value><updated>20230425130640</updated></snapshotVersion><snapshotVersion><extension>jar.md5</extension><classifier>sources</classifier><value>1.1.0-20230425.130358-22</value><updated>20230425130642</updated></snapshotVersion><snapshotVersion><extension>jar</extension><value>1.1.0-20230425.175520-23</value><updated>20230425175719</updated></snapshotVersion><snapshotVersion><extension>jar.sha1</extension><value>1.1.0-20230425.175520-23</value><updated>20230425175721</updated></snapshotVersion><snapshotVersion><extension>jar.md5</extension><value>1.1.0-20230425.175520-23</value><updated>20230425175722</updated></snapshotVersion><snapshotVersion><extension>pom</extension><value>1.1.0-20230425.175520-23</value><updated>20230425175723</updated></snapshotVersion><snapshotVersion><extension>pom.sha1</extension><value>1.1.0-20230425.175520-23</value><updated>20230425175724</updated></snapshotVersion><snapshotVersion><extension>pom.md5</extension><value>1.1.0-20230425.175520-23</value><updated>20230425175725</updated></snapshotVersion><snapshotVersion><extension>jar</extension><classifier>javadoc</classifier><value>1.1.0-20230425.175520-23</value><updated>20230425175727</updated></snapshotVersion><snapshotVersion><extension>jar.sha1</extension><classifier>javadoc</classifier><value>1.1.0-20230425.175520-23</value><updated>20230425175728</updated></snapshotVersion><snapshotVersion><extension>jar.md5</extension><classifier>javadoc</classifier><value>1.1.0-20230425.175520-23</value><updated>20230425175729</updated></snapshotVersion><snapshotVersion><extension>jar</extension><classifier>sources</classifier><value>1.1.0-20230425.175520-23</value><updated>20230425175730</updated></snapshotVersion><snapshotVersion><extension>jar.sha1</extension><classifier>sources</classifier><value>1.1.0-20230425.175520-23</value><updated>20230425175731</updated></snapshotVersion><snapshotVersion><extension>jar.md5</extension><classifier>sources</classifier><value>1.1.0-20230425.175520-23</value><updated>20230425175732</updated></snapshotVersion></snapshotVersions></versioning></metadata>