<metadata modelVersion=""><groupId>com.solace.connector.core</groupId><artifactId>pubsubplus-connector-framework</artifactId><version>1.0.0-SNAPSHOT</version><versioning><snapshot><timestamp>20221206.160444</timestamp><buildNumber>68</buildNumber></snapshot><lastUpdated>20221206160813</lastUpdated><snapshotVersions><snapshotVersion><extension>jar.md5</extension><classifier>javadoc</classifier><value>1.0.0-20221103.012946-60</value><updated>20221103013416</updated></snapshotVersion><snapshotVersion><extension>jar</extension><classifier>sources</classifier><value>1.0.0-20221103.012946-60</value><updated>20221103013420</updated></snapshotVersion><snapshotVersion><extension>jar.sha1</extension><classifier>sources</classifier><value>1.0.0-20221103.012946-60</value><updated>20221103013424</updated></snapshotVersion><snapshotVersion><extension>jar.md5</extension><classifier>sources</classifier><value>1.0.0-20221103.012946-60</value><updated>20221103013427</updated></snapshotVersion><snapshotVersion><extension>jar</extension><value>1.0.0-20221103.014623-61</value><updated>20221103014957</updated></snapshotVersion><snapshotVersion><extension>jar.sha1</extension><value>1.0.0-20221103.014623-61</value><updated>20221103015001</updated></snapshotVersion><snapshotVersion><extension>jar.md5</extension><value>1.0.0-20221103.014623-61</value><updated>20221103015004</updated></snapshotVersion><snapshotVersion><extension>pom</extension><value>1.0.0-20221103.014623-61</value><updated>20221103015008</updated></snapshotVersion><snapshotVersion><extension>pom.sha1</extension><value>1.0.0-20221103.014623-61</value><updated>20221103015012</updated></snapshotVersion><snapshotVersion><extension>pom.md5</extension><value>1.0.0-20221103.014623-61</value><updated>20221103015015</updated></snapshotVersion><snapshotVersion><extension>jar</extension><classifier>javadoc</classifier><value>1.0.0-20221103.014623-61</value><updated>20221103015018</updated></snapshotVersion><snapshotVersion><extension>jar.sha1</extension><classifier>javadoc</classifier><value>1.0.0-20221103.014623-61</value><updated>20221103015021</updated></snapshotVersion><snapshotVersion><extension>jar.md5</extension><classifier>javadoc</classifier><value>1.0.0-20221103.014623-61</value><updated>20221103015024</updated></snapshotVersion><snapshotVersion><extension>jar</extension><classifier>sources</classifier><value>1.0.0-20221103.014623-61</value><updated>20221103015028</updated></snapshotVersion><snapshotVersion><extension>jar.sha1</extension><classifier>sources</classifier><value>1.0.0-20221103.014623-61</value><updated>20221103015031</updated></snapshotVersion><snapshotVersion><extension>jar.md5</extension><classifier>sources</classifier><value>1.0.0-20221103.014623-61</value><updated>20221103015034</updated></snapshotVersion><snapshotVersion><extension>jar</extension><value>1.0.0-20221124.160302-62</value><updated>20221124160620</updated></snapshotVersion><snapshotVersion><extension>jar.sha1</extension><value>1.0.0-20221124.160302-62</value><updated>20221124160621</updated></snapshotVersion><snapshotVersion><extension>jar.md5</extension><value>1.0.0-20221124.160302-62</value><updated>20221124160623</updated></snapshotVersion><snapshotVersion><extension>pom</extension><value>1.0.0-20221124.160302-62</value><updated>20221124160624</updated></snapshotVersion><snapshotVersion><extension>pom.sha1</extension><value>1.0.0-20221124.160302-62</value><updated>20221124160626</updated></snapshotVersion><snapshotVersion><extension>pom.md5</extension><value>1.0.0-20221124.160302-62</value><updated>20221124160628</updated></snapshotVersion><snapshotVersion><extension>jar</extension><classifier>javadoc</classifier><value>1.0.0-20221124.160302-62</value><updated>20221124160630</updated></snapshotVersion><snapshotVersion><extension>jar.sha1</extension><classifier>javadoc</classifier><value>1.0.0-20221124.160302-62</value><updated>20221124160632</updated></snapshotVersion><snapshotVersion><extension>jar.md5</extension><classifier>javadoc</classifier><value>1.0.0-20221124.160302-62</value><updated>20221124160633</updated></snapshotVersion><snapshotVersion><extension>jar</extension><classifier>sources</classifier><value>1.0.0-20221124.160302-62</value><updated>20221124160635</updated></snapshotVersion><snapshotVersion><extension>jar.sha1</extension><classifier>sources</classifier><value>1.0.0-20221124.160302-62</value><updated>20221124160637</updated></snapshotVersion><snapshotVersion><extension>jar.md5</extension><classifier>sources</classifier><value>1.0.0-20221124.160302-62</value><updated>20221124160639</updated></snapshotVersion><snapshotVersion><extension>jar</extension><value>1.0.0-20221125.153956-63</value><updated>20221125154327</updated></snapshotVersion><snapshotVersion><extension>jar.sha1</extension><value>1.0.0-20221125.153956-63</value><updated>20221125154328</updated></snapshotVersion><snapshotVersion><extension>jar.md5</extension><value>1.0.0-20221125.153956-63</value><updated>20221125154330</updated></snapshotVersion><snapshotVersion><extension>pom</extension><value>1.0.0-20221125.153956-63</value><updated>20221125154332</updated></snapshotVersion><snapshotVersion><extension>pom.sha1</extension><value>1.0.0-20221125.153956-63</value><updated>20221125154333</updated></snapshotVersion><snapshotVersion><extension>pom.md5</extension><value>1.0.0-20221125.153956-63</value><updated>20221125154335</updated></snapshotVersion><snapshotVersion><extension>jar</extension><classifier>javadoc</classifier><value>1.0.0-20221125.153956-63</value><updated>20221125154339</updated></snapshotVersion><snapshotVersion><extension>jar.sha1</extension><classifier>javadoc</classifier><value>1.0.0-20221125.153956-63</value><updated>20221125154340</updated></snapshotVersion><snapshotVersion><extension>jar.md5</extension><classifier>javadoc</classifier><value>1.0.0-20221125.153956-63</value><updated>20221125154342</updated></snapshotVersion><snapshotVersion><extension>jar</extension><classifier>sources</classifier><value>1.0.0-20221125.153956-63</value><updated>20221125154345</updated></snapshotVersion><snapshotVersion><extension>jar.sha1</extension><classifier>sources</classifier><value>1.0.0-20221125.153956-63</value><updated>20221125154346</updated></snapshotVersion><snapshotVersion><extension>jar.md5</extension><classifier>sources</classifier><value>1.0.0-20221125.153956-63</value><updated>20221125154348</updated></snapshotVersion><snapshotVersion><extension>jar</extension><value>1.0.0-20221125.164205-64</value><updated>20221125164510</updated></snapshotVersion><snapshotVersion><extension>jar.sha1</extension><value>1.0.0-20221125.164205-64</value><updated>20221125164511</updated></snapshotVersion><snapshotVersion><extension>jar.md5</extension><value>1.0.0-20221125.164205-64</value><updated>20221125164512</updated></snapshotVersion><snapshotVersion><extension>pom</extension><value>1.0.0-20221125.164205-64</value><updated>20221125164514</updated></snapshotVersion><snapshotVersion><extension>pom.sha1</extension><value>1.0.0-20221125.164205-64</value><updated>20221125164515</updated></snapshotVersion><snapshotVersion><extension>pom.md5</extension><value>1.0.0-20221125.164205-64</value><updated>20221125164517</updated></snapshotVersion><snapshotVersion><extension>jar</extension><classifier>javadoc</classifier><value>1.0.0-20221125.164205-64</value><updated>20221125164519</updated></snapshotVersion><snapshotVersion><extension>jar.sha1</extension><classifier>javadoc</classifier><value>1.0.0-20221125.164205-64</value><updated>20221125164520</updated></snapshotVersion><snapshotVersion><extension>jar.md5</extension><classifier>javadoc</classifier><value>1.0.0-20221125.164205-64</value><updated>20221125164522</updated></snapshotVersion><snapshotVersion><extension>jar</extension><classifier>sources</classifier><value>1.0.0-20221125.164205-64</value><updated>20221125164523</updated></snapshotVersion><snapshotVersion><extension>jar.sha1</extension><classifier>sources</classifier><value>1.0.0-20221125.164205-64</value><updated>20221125164525</updated></snapshotVersion><snapshotVersion><extension>jar.md5</extension><classifier>sources</classifier><value>1.0.0-20221125.164205-64</value><updated>20221125164526</updated></snapshotVersion><snapshotVersion><extension>jar</extension><value>1.0.0-20221125.165722-65</value><updated>20221125170036</updated></snapshotVersion><snapshotVersion><extension>jar.sha1</extension><value>1.0.0-20221125.165722-65</value><updated>20221125170038</updated></snapshotVersion><snapshotVersion><extension>jar.md5</extension><value>1.0.0-20221125.165722-65</value><updated>20221125170039</updated></snapshotVersion><snapshotVersion><extension>pom</extension><value>1.0.0-20221125.165722-65</value><updated>20221125170041</updated></snapshotVersion><snapshotVersion><extension>pom.sha1</extension><value>1.0.0-20221125.165722-65</value><updated>20221125170043</updated></snapshotVersion><snapshotVersion><extension>pom.md5</extension><value>1.0.0-20221125.165722-65</value><updated>20221125170045</updated></snapshotVersion><snapshotVersion><extension>jar</extension><classifier>javadoc</classifier><value>1.0.0-20221125.165722-65</value><updated>20221125170049</updated></snapshotVersion><snapshotVersion><extension>jar.sha1</extension><classifier>javadoc</classifier><value>1.0.0-20221125.165722-65</value><updated>20221125170051</updated></snapshotVersion><snapshotVersion><extension>jar.md5</extension><classifier>javadoc</classifier><value>1.0.0-20221125.165722-65</value><updated>20221125170052</updated></snapshotVersion><snapshotVersion><extension>jar</extension><classifier>sources</classifier><value>1.0.0-20221125.165722-65</value><updated>20221125170055</updated></snapshotVersion><snapshotVersion><extension>jar.sha1</extension><classifier>sources</classifier><value>1.0.0-20221125.165722-65</value><updated>20221125170056</updated></snapshotVersion><snapshotVersion><extension>jar.md5</extension><classifier>sources</classifier><value>1.0.0-20221125.165722-65</value><updated>20221125170057</updated></snapshotVersion><snapshotVersion><extension>jar</extension><value>1.0.0-20221128.203259-66</value><updated>20221128203607</updated></snapshotVersion><snapshotVersion><extension>jar.sha1</extension><value>1.0.0-20221128.203259-66</value><updated>20221128203608</updated></snapshotVersion><snapshotVersion><extension>jar.md5</extension><value>1.0.0-20221128.203259-66</value><updated>20221128203610</updated></snapshotVersion><snapshotVersion><extension>pom</extension><value>1.0.0-20221128.203259-66</value><updated>20221128203611</updated></snapshotVersion><snapshotVersion><extension>pom.sha1</extension><value>1.0.0-20221128.203259-66</value><updated>20221128203613</updated></snapshotVersion><snapshotVersion><extension>pom.md5</extension><value>1.0.0-20221128.203259-66</value><updated>20221128203614</updated></snapshotVersion><snapshotVersion><extension>jar</extension><classifier>javadoc</classifier><value>1.0.0-20221128.203259-66</value><updated>20221128203617</updated></snapshotVersion><snapshotVersion><extension>jar.sha1</extension><classifier>javadoc</classifier><value>1.0.0-20221128.203259-66</value><updated>20221128203618</updated></snapshotVersion><snapshotVersion><extension>jar.md5</extension><classifier>javadoc</classifier><value>1.0.0-20221128.203259-66</value><updated>20221128203620</updated></snapshotVersion><snapshotVersion><extension>jar</extension><classifier>sources</classifier><value>1.0.0-20221128.203259-66</value><updated>20221128203621</updated></snapshotVersion><snapshotVersion><extension>jar.sha1</extension><classifier>sources</classifier><value>1.0.0-20221128.203259-66</value><updated>20221128203623</updated></snapshotVersion><snapshotVersion><extension>jar.md5</extension><classifier>sources</classifier><value>1.0.0-20221128.203259-66</value><updated>20221128203625</updated></snapshotVersion><snapshotVersion><extension>jar</extension><value>1.0.0-20221130.191603-67</value><updated>20221130191930</updated></snapshotVersion><snapshotVersion><extension>jar.sha1</extension><value>1.0.0-20221130.191603-67</value><updated>20221130191932</updated></snapshotVersion><snapshotVersion><extension>jar.md5</extension><value>1.0.0-20221130.191603-67</value><updated>20221130191934</updated></snapshotVersion><snapshotVersion><extension>pom</extension><value>1.0.0-20221130.191603-67</value><updated>20221130191935</updated></snapshotVersion><snapshotVersion><extension>pom.sha1</extension><value>1.0.0-20221130.191603-67</value><updated>20221130191937</updated></snapshotVersion><snapshotVersion><extension>pom.md5</extension><value>1.0.0-20221130.191603-67</value><updated>20221130191939</updated></snapshotVersion><snapshotVersion><extension>jar</extension><classifier>javadoc</classifier><value>1.0.0-20221130.191603-67</value><updated>20221130191942</updated></snapshotVersion><snapshotVersion><extension>jar.sha1</extension><classifier>javadoc</classifier><value>1.0.0-20221130.191603-67</value><updated>20221130191944</updated></snapshotVersion><snapshotVersion><extension>jar.md5</extension><classifier>javadoc</classifier><value>1.0.0-20221130.191603-67</value><updated>20221130191946</updated></snapshotVersion><snapshotVersion><extension>jar</extension><classifier>sources</classifier><value>1.0.0-20221130.191603-67</value><updated>20221130191948</updated></snapshotVersion><snapshotVersion><extension>jar.sha1</extension><classifier>sources</classifier><value>1.0.0-20221130.191603-67</value><updated>20221130191950</updated></snapshotVersion><snapshotVersion><extension>jar.md5</extension><classifier>sources</classifier><value>1.0.0-20221130.191603-67</value><updated>20221130191952</updated></snapshotVersion><snapshotVersion><extension>jar</extension><value>1.0.0-20221206.160444-68</value><updated>20221206160752</updated></snapshotVersion><snapshotVersion><extension>jar.sha1</extension><value>1.0.0-20221206.160444-68</value><updated>20221206160753</updated></snapshotVersion><snapshotVersion><extension>jar.md5</extension><value>1.0.0-20221206.160444-68</value><updated>20221206160755</updated></snapshotVersion><snapshotVersion><extension>pom</extension><value>1.0.0-20221206.160444-68</value><updated>20221206160756</updated></snapshotVersion><snapshotVersion><extension>pom.sha1</extension><value>1.0.0-20221206.160444-68</value><updated>20221206160758</updated></snapshotVersion><snapshotVersion><extension>pom.md5</extension><value>1.0.0-20221206.160444-68</value><updated>20221206160800</updated></snapshotVersion><snapshotVersion><extension>jar</extension><classifier>javadoc</classifier><value>1.0.0-20221206.160444-68</value><updated>20221206160803</updated></snapshotVersion><snapshotVersion><extension>jar.sha1</extension><classifier>javadoc</classifier><value>1.0.0-20221206.160444-68</value><updated>20221206160805</updated></snapshotVersion><snapshotVersion><extension>jar.md5</extension><classifier>javadoc</classifier><value>1.0.0-20221206.160444-68</value><updated>20221206160807</updated></snapshotVersion><snapshotVersion><extension>jar</extension><classifier>sources</classifier><value>1.0.0-20221206.160444-68</value><updated>20221206160809</updated></snapshotVersion><snapshotVersion><extension>jar.sha1</extension><classifier>sources</classifier><value>1.0.0-20221206.160444-68</value><updated>20221206160811</updated></snapshotVersion><snapshotVersion><extension>jar.md5</extension><classifier>sources</classifier><value>1.0.0-20221206.160444-68</value><updated>20221206160813</updated></snapshotVersion></snapshotVersions></versioning></metadata>